Workbook

Sheet CLEANED DATA
A1: OrderID | B1: OrderDate | C1: SalesChannel cleaned | D1: CustomerID | E1: CustomerName cleaned | F1: City cleaned | G1: Region | H1: SalespersonID | I1: Sales Person Name | J1: ProductID | K1: ProductCategory | L1: ProductName | M1: Quantity | N1: UnitPrice2 | O1: Total Revenue
A2: ORD1000 | B2: 45349 | C2: =IF(TRIM(sales_dataset[[#This Row],[SalesChannel]])="",sales_dataset!C3,PROPER(TRIM(sales_dataset[[#This Row],[SalesChannel]]))) -> Online | D2: CUST168 | E2: =IF(TRIM(sales_dataset[[#This Row],[CustomerName]])="",sales_dataset!F8, PROPER(TRIM(sales_dataset[[#This Row],[CustomerName]]))) -> Priya | F2: =IF(TRIM(sales_dataset[[#This Row],[City]])="", sales_dataset!$H$3, PROPER(TRIM(sales_dataset[[#This Row],[City]]))) -> Delhi | G2: =PROPER(sales_dataset[[#This Row],[Region cleaned]]) -> North | H2: SP36 | I2: =IF(TRIM(sales_dataset[[#This Row],[SalespersonName]])="",I5,PROPER(TRIM(sales_dataset[[#This Row],[SalespersonName]]))) -> Kevin | J2: PROD73 | K2: =PROPER(sales_dataset[[#This Row],[ProductCategory cleaned]]) -> Home | L2: =PROPER(sales_dataset[[#This Row],[ProductName]]) -> Tv | M2: =ABS(sales_dataset!W:W) -> 1 | N2: =ABS(sales_dataset[[#This Row],[Column4]]) -> 1500 | O2: =M2*N2 -> 1500
A3: ORD1001 | B3: 45304 | C3: =IF(TRIM(sales_dataset[[#This Row],[SalesChannel]])="",sales_dataset!C4,PROPER(TRIM(sales_dataset[[#This Row],[SalesChannel]]))) -> Offline | D3: CUST177 | E3: =IF(TRIM(sales_dataset[[#This Row],[CustomerName]])="",sales_dataset!F9, PROPER(TRIM(sales_dataset[[#This Row],[CustomerName]]))) -> Sara | F3: =IF(TRIM(sales_dataset[[#This Row],[City]])="", sales_dataset!$H$3, PROPER(TRIM(sales_dataset[[#This Row],[City]]))) -> Delhi | G3: =PROPER(sales_dataset[[#This Row],[Region cleaned]]) -> North | H3: SP7 | I3: =IF(TRIM(sales_dataset[[#This Row],[SalespersonName]])="",I6,PROPER(TRIM(sales_dataset[[#This Row],[SalespersonName]]))) -> Raj | J3: PROD26 | K3: =PROPER(sales_dataset[[#This Row],[ProductCategory cleaned]]) -> Electronics | L3: =PROPER(sales_dataset[[#This Row],[ProductName]]) -> Shirt | M3: =ABS(sales_dataset!W:W) -> 4 | N3: =ABS(sales_dataset[[#This Row],[Column4]]) -> 100 | O3: =M3*N3 -> 400
A4: ORD1002 | B4: 45432 | C4: =IF(TRIM(sales_dataset[[#This Row],[SalesChannel]])="",sales_dataset!C5,PROPER(TRIM(sales_dataset[[#This Row],[SalesChannel]]))) -> Store | D4: CUST2 | E4: =IF(TRIM(sales_dataset[[#This Row],[CustomerName]])="",sales_dataset!F10, PROPER(TRIM(sales_dataset[[#This Row],[CustomerName]]))) -> Priya | F4: =IF(TRIM(sales_dataset[[#This Row],[City]])="", sales_dataset!$H$3, PROPER(TRIM(sales_dataset[[#This Row],[City]]))) -> Delhi | G4: =PROPER(sales_dataset[[#This Row],[Region cleaned]]) -> North | H4: SP21 | I4: =IF(TRIM(sales_dataset[[#This Row],[SalespersonName]])="",I7,PROPER(TRIM(sales_dataset[[#This Row],[SalespersonName]]))) -> Megha | J4: PROD76 | K4: =PROPER(sales_dataset[[#This Row],[ProductCategory cleaned]]) -> Home | L4: =PROPER(sales_dataset[[#This Row],[ProductName]]) -> Shirt | M4: =ABS(sales_dataset!W:W) -> 2 | N4: =ABS(sales_dataset[[#This Row],[Column4]]) -> 100 | O4: =M4*N4 -> 200
A5: ORD1003 | B5: 45417 | C5: =IF(TRIM(sales_dataset[[#This Row],[SalesChannel]])="",sales_dataset!C6,PROPER(TRIM(sales_dataset[[#This Row],[SalesChannel]]))) -> Store | D5: CUST193 | E5: =IF(TRIM(sales_dataset[[#This Row],[CustomerName]])="",sales_dataset!F11, PROPER(TRIM(sales_dataset[[#This Row],[CustomerName]]))) -> Priya | F5: =IF(TRIM(sales_dataset[[#This Row],[City]])="", sales_dataset!$H$3, PROPER(TRIM(sales_dataset[[#This Row],[City]]))) -> Hyderabad | G5: =PROPER(sales_dataset[[#This Row],[Region cleaned]]) -> North | H5: SP16 | I5: =IF(TRIM(sales_dataset[[#This Row],[SalespersonName]])="",I8,PROPER(TRIM(sales_dataset[[#This Row],[SalespersonName]]))) -> Sam | J5: PROD70 | K5: =PROPER(sales_dataset[[#This Row],[ProductCategory cleaned]]) -> Electronics | L5: =PROPER(sales_dataset[[#This Row],[ProductName]]) -> Tv | M5: =ABS(sales_dataset!W:W) -> 5 | N5: =ABS(sales_dataset[[#This Row],[Column4]]) -> 1500 | O5: =M5*N5 -> 7500
A6: ORD1004 | B6: 45406 | C6: =IF(TRIM(sales_dataset[[#This Row],[SalesChannel]])="",sales_dataset!C7,PROPER(TRIM(sales_dataset[[#This Row],[SalesChannel]]))) -> Online | D6: CUST198 | E6: =IF(TRIM(sales_dataset[[#This Row],[CustomerName]])="",sales_dataset!F12, PROPER(TRIM(sales_dataset[[#This Row],[CustomerName]]))) -> Priya | F6: =IF(TRIM(sales_dataset[[#This Row],[City]])="", sales_dataset!$H$3, PROPER(TRIM(sales_dataset[[#This Row],[City]]))) -> Bengaluru | G6: =PROPER(sales_dataset[[#This Row],[Region cleaned]]) -> West | H6: SP30 | I6: =IF(TRIM(sales_dataset[[#This Row],[SalespersonName]])="",I9,PROPER(TRIM(sales_dataset[[#This Row],[SalespersonName]]))) -> Anita | J6: PROD24 | K6: =PROPER(sales_dataset[[#This Row],[ProductCategory cleaned]]) -> Home | L6: =PROPER(sales_dataset[[#This Row],[ProductName]]) -> Tv | M6: =ABS(sales_dataset!W:W) -> 1 | N6: =ABS(sales_dataset[[#This Row],[Column4]]) -> 100 | O6: =M6*N6 -> 100
A7: ORD1005 | B7: 45363 | C7: =IF(TRIM(sales_dataset[[#This Row],[SalesChannel]])="",sales_dataset!C8,PROPER(TRIM(sales_dataset[[#This Row],[SalesChannel]]))) -> Online | D7: CUST28 | E7: =IF(TRIM(sales_dataset[[#This Row],[CustomerName]])="",sales_dataset!F13, PROPER(TRIM(sales_dataset[[#This Row],[CustomerName]]))) -> Amit | F7: =IF(TRIM(sales_dataset[[#This Row],[City]])="", sales_dataset!$H$3, PROPER(TRIM(sales_dataset[[#This Row],[City]]))) -> Delhi | G7: =PROPER(sales_dataset[[#This Row],[Region cleaned]]) -> North | H7: SP8 | I7: =IF(TRIM(sales_dataset[[#This Row],[SalespersonName]])="",I10,PROPER(TRIM(sales_dataset[[#This Row],[SalespersonName]]))) -> Sam | J7: PROD88 | K7: =PROPER(sales_dataset[[#This Row],[ProductCategory cleaned]]) -> Clothing | L7: =PROPER(sales_dataset[[#This Row],[ProductName]]) -> Shirt | M7: =ABS(sales_dataset!W:W) -> 1 | N7: =ABS(sales_dataset[[#This Row],[Column4]]) -> 1500 | O7: =M7*N7 -> 1500
A8: ORD1006 | B8: 45344 | C8: =IF(TRIM(sales_dataset[[#This Row],[SalesChannel]])="",sales_dataset!C9,PROPER(TRIM(sales_dataset[[#This Row],[SalesChannel]]))) -> Online | D8: CUST200 | E8: =IF(TRIM(sales_dataset[[#This Row],[CustomerName]])="",sales_dataset!F14, PROPER(TRIM(sales_dataset[[#This Row],[CustomerName]]))) -> Priya | F8: =IF(TRIM(sales_dataset[[#This Row],[City]])="", sales_dataset!$H$3, PROPER(TRIM(sales_dataset[[#This Row],[City]]))) -> Delhi | G8: =PROPER(sales_dataset[[#This Row],[Region cleaned]]) -> West | H8: SP18 | I8: =IF(TRIM(sales_dataset[[#This Row],[SalespersonName]])="",I11,PROPER(TRIM(sales_dataset[[#This Row],[SalespersonName]]))) -> Megha | J8: PROD99 | K8: =PROPER(sales_dataset[[#This Row],[ProductCategory cleaned]]) -> Clothing | L8: =PROPER(sales_dataset[[#This Row],[ProductName]]) -> Laptop | M8: =ABS(sales_dataset!W:W) -> 1 | N8: =ABS(sales_dataset[[#This Row],[Column4]]) -> 500 | O8: =M8*N8 -> 500
A9: ORD1007 | B9: 45571 | C9: =IF(TRIM(sales_dataset[[#This Row],[SalesChannel]])="",sales_dataset!C10,PROPER(TRIM(sales_dataset[[#This Row],[SalesChannel]]))) -> Offline | D9: CUST109 | E9: =IF(TRIM(sales_dataset[[#This Row],[CustomerName]])="",sales_dataset!F15, PROPER(TRIM(sales_dataset[[#This Row],[CustomerName]]))) -> John | F9: =IF(TRIM(sales_dataset[[#This Row],[City]])="", sales_dataset!$H$3, PROPER(TRIM(sales_dataset[[#This Row],[City]]))) -> Mumbai | G9: =PROPER(sales_dataset[[#This Row],[Region cleaned]]) -> North | H9: SP29 | I9: =IF(TRIM(sales_dataset[[#This Row],[SalespersonName]])="",I12,PROPER(TRIM(sales_dataset[[#This Row],[SalespersonName]]))) -> Raj | J9: PROD71 | K9: =PROPER(sales_dataset[[#This Row],[ProductCategory cleaned]]) -> Home | L9: =PROPER(sales_dataset[[#This Row],[ProductName]]) -> Sofa | M9: =ABS(sales_dataset!W:W) -> 4 | N9: =ABS(sales_dataset[[#This Row],[Column4]]) -> 2500 | O9: =M9*N9 -> 10000
A10: ORD1008 | B10: 45336 | C10: =IF(TRIM(sales_dataset[[#This Row],[SalesChannel]])="",sales_dataset!C11,PROPER(TRIM(sales_dataset[[#This Row],[SalesChannel]]))) -> Store | D10: CUST57 | E10: =IF(TRIM(sales_dataset[[#This Row],[CustomerName]])="",sales_dataset!F16, PROPER(TRIM(sales_dataset[[#This Row],[CustomerName]]))) -> Priya | F10: =IF(TRIM(sales_dataset[[#This Row],[City]])="", sales_dataset!$H$3, PROPER(TRIM(sales_dataset[[#This Row],[City]]))) -> Mumbai | G10: =PROPER(sales_dataset[[#This Row],[Region cleaned]]) -> East | H10: SP16 | I10: =IF(TRIM(sales_dataset[[#This Row],[SalespersonName]])="",I13,PROPER(TRIM(sales_dataset[[#This Row],[SalespersonName]]))) -> Megha | J10: PROD4 | K10: =PROPER(sales_dataset[[#This Row],[ProductCategory cleaned]]) -> Electronics | L10: =PROPER(sales_dataset[[#This Row],[ProductName]]) -> Laptop | M10: =ABS(sales_dataset!W:W) -> 5 | N10: =ABS(sales_dataset[[#This Row],[Column4]]) -> 100 | O10: =M10*N10 -> 500
A11: ORD1009 | B11: 45508 | C11: =IF(TRIM(sales_dataset[[#This Row],[SalesChannel]])="",sales_dataset!C12,PROPER(TRIM(sales_dataset[[#This Row],[SalesChannel]]))) -> Store | D11: CUST46 | E11: =IF(TRIM(sales_dataset[[#This Row],[CustomerName]])="",sales_dataset!F17, PROPER(TRIM(sales_dataset[[#This Row],[CustomerName]]))) -> Sara | F11: =IF(TRIM(sales_dataset[[#This Row],[City]])="", sales_dataset!$H$3, PROPER(TRIM(sales_dataset[[#This Row],[City]]))) -> Delhi | G11: =PROPER(sales_dataset[[#This Row],[Region cleaned]]) -> North | H11: SP10 | I11: =IF(TRIM(sales_dataset[[#This Row],[SalespersonName]])="",I14,PROPER(TRIM(sales_dataset[[#This Row],[SalespersonName]]))) -> Raj | J11: PROD94 | K11: =PROPER(sales_dataset[[#This Row],[ProductCategory cleaned]]) -> Clothing | L11: =PROPER(sales_dataset[[#This Row],[ProductName]]) -> Shirt | M11: =ABS(sales_dataset!W:W) -> 3 | N11: =ABS(sales_dataset[[#This Row],[Column4]]) -> 2000 | O11: =M11*N11 -> 6000
A12: ORD1010 | B12: 45308 | C12: =IF(TRIM(sales_dataset[[#This Row],[SalesChannel]])="",sales_dataset!C13,PROPER(TRIM(sales_dataset[[#This Row],[SalesChannel]]))) -> Online | D12: CUST179 | E12: =IF(TRIM(sales_dataset[[#This Row],[CustomerName]])="",sales_dataset!F18, PROPER(TRIM(sales_dataset[[#This Row],[CustomerName]]))) -> Priya | F12: =IF(TRIM(sales_dataset[[#This Row],[City]])="", sales_dataset!$H$3, PROPER(TRIM(sales_dataset[[#This Row],[City]]))) -> Mumbai | G12: =PROPER(sales_dataset[[#This Row],[Region cleaned]]) -> East | H12: SP7 | I12: =IF(TRIM(sales_dataset[[#This Row],[SalespersonName]])="",I15,PROPER(TRIM(sales_dataset[[#This Row],[SalespersonName]]))) -> Raj | J12: PROD60 | K12: =PROPER(sales_dataset[[#This Row],[ProductCategory cleaned]]) -> Electronics | L12: =PROPER(sales_dataset[[#This Row],[ProductName]]) -> Tv | M12: =ABS(sales_dataset!W:W) -> 4 | N12: =ABS(sales_dataset[[#This Row],[Column4]]) -> 0 | O12: =M12*N12 -> 0
A13: ORD1011 | B13: 45307 | C13: =IF(TRIM(sales_dataset[[#This Row],[SalesChannel]])="",sales_dataset!C14,PROPER(TRIM(sales_dataset[[#This Row],[SalesChannel]]))) -> Online | D13: CUST133 | E13: =IF(TRIM(sales_dataset[[#This Row],[CustomerName]])="",sales_dataset!F19, PROPER(TRIM(sales_dataset[[#This Row],[CustomerName]]))) -> Sara | F13: =IF(TRIM(sales_dataset[[#This Row],[City]])="", sales_dataset!$H$3, PROPER(TRIM(sales_dataset[[#This Row],[City]]))) -> Delhi | G13: =PROPER(sales_dataset[[#This Row],[Region cleaned]]) -> East | H13: SP4 | I13: =IF(TRIM(sales_dataset[[#This Row],[SalespersonName]])="",I16,PROPER(TRIM(sales_dataset[[#This Row],[SalespersonName]]))) -> Kevin | J13: PROD91 | K13: =PROPER(sales_dataset[[#This Row],[ProductCategory cleaned]]) -> Clothing | L13: =PROPER(sales_dataset[[#This Row],[ProductName]]) -> Watch | M13: =ABS(sales_dataset!W:W) -> 1 | N13: =ABS(sales_dataset[[#This Row],[Column4]]) -> 2000 | O13: =M13*N13 -> 2000
... A511: ORD1450 | B511: 45498 | C511: =IF(TRIM(sales_dataset[[#This Row],[SalesChannel]])="",sales_dataset!C512,PROPER(TRIM(sales_dataset[[#This Row],[SalesChannel]]))) -> Online | D511: CUST192 | E511: =IF(TRIM(sales_dataset[[#This Row],[CustomerName]])="",sales_dataset!F517, PROPER(TRIM(sales_dataset[[#This Row],[CustomerName]]))) -> Sara | F511: =IF(TRIM(sales_dataset[[#This Row],[City]])="", sales_dataset!$H$3, PROPER(TRIM(sales_dataset[[#This Row],[City]]))) -> Chennai | G511: =PROPER(sales_dataset[[#This Row],[Region cleaned]]) -> North | H511: SP9 | I511: =IF(TRIM(sales_dataset[[#This Row],[SalespersonName]])="",I514,PROPER(TRIM(sales_dataset[[#This Row],[SalespersonName]]))) -> Anita | J511: PROD2 | K511: =PROPER(sales_dataset[[#This Row],[ProductCategory cleaned]]) -> Electronics | L511: =PROPER(sales_dataset[[#This Row],[ProductName]]) | M511: =ABS(sales_dataset!W:W) -> 4 | N511: =ABS(sales_dataset[[#This Row],[Column4]]) -> 1500 | O511: =M511*N511 -> 6000

Sheet sales_dataset
A1: Column7 | B1: Column8 | C1: SalesChannel | D1: Column9 | E1: Column10 | F1: CustomerName | G1: Column11 | H1: City | I1: Column12 | J1: Region | K1: Region cleaned | L1: Column2 | M1: Column3 | N1: SalespersonName | O1: Column6 | P1: Column13 | Q1: ProductCategory | R1: ProductCategory cleaned | S1: Column14 | T1: ProductName | U1: Column15 | V1: Quantity | W1: Column1 | X1: Column16 | Y1: UnitPrice | Z1: Column4 | AA1: Column17 | AB1: TotalRevenue | AC1: Column5 | AD1: TotalRevenue2 | AE1: Total Reveneue Corrected
C2: Online | F2: Priya | K2: =IF(TRIM(sales_dataset[[#This Row],[Region]])="", J4, PROPER(TRIM(sales_dataset[[#This Row],[Region]]))) -> NORTH | N2: Kevin | R2: =IF(TRIM(sales_dataset[[#This Row],[ProductCategory]])="", R20, PROPER(TRIM(sales_dataset[[#This Row],[ProductCategory]]))) -> Home | T2: TV | V2: 1 | W2: =IF(TRIM(sales_dataset[[#This Row],[Quantity]])="",V8,PROPER(TRIM(sales_dataset[[#This Row],[Quantity]]))) -> 1 | Y2: 1500 | Z2: =IF(TRIM(sales_dataset[[#This Row],[UnitPrice]])="",Y4,PROPER(TRIM(sales_dataset[[#This Row],[UnitPrice]]))) -> 1500 | AB2: 750 | AC2: =IF(TRIM(sales_dataset[[#This Row],[TotalRevenue]])="",AB4,PROPER(TRIM(sales_dataset[[#This Row],[TotalRevenue]]))) -> 750 | AD2: =ABS(sales_dataset[[#This Row],[Column5]]) -> 750 | AE2: =sales_dataset[[#This Row],[Column17]]*sales_dataset[[#This Row],[Column16]] -> 0
C3: Offline | F3: Sara | H3: Delhi | K3: =IF(TRIM(sales_dataset[[#This Row],[Region]])="", J5, PROPER(TRIM(sales_dataset[[#This Row],[Region]]))) -> North | N3: Raj | Q3: electronics | R3: =IF(TRIM(sales_dataset[[#This Row],[ProductCategory]])="", R21, PROPER(TRIM(sales_dataset[[#This Row],[ProductCategory]]))) -> Electronics | T3: Shirt | V3: 4 | W3: =IF(TRIM(sales_dataset[[#This Row],[Quantity]])="",V9,PROPER(TRIM(sales_dataset[[#This Row],[Quantity]]))) -> 4 | Y3: -100 | Z3: =IF(TRIM(sales_dataset[[#This Row],[UnitPrice]])="",Y5,PROPER(TRIM(sales_dataset[[#This Row],[UnitPrice]]))) -> -100 | AB3: -400 | AC3: =IF(TRIM(sales_dataset[[#This Row],[TotalRevenue]])="",AB5,PROPER(TRIM(sales_dataset[[#This Row],[TotalRevenue]]))) -> -400 | AD3: =ABS(sales_dataset[[#This Row],[Column5]]) -> 400 | AE3: =sales_dataset[[#This Row],[Column17]]*sales_dataset[[#This Row],[Column16]] -> 0
C4: Store | F4: Priya | H4: Delhi | J4: NORTH | K4: =IF(TRIM(sales_dataset[[#This Row],[Region]])="", J6, PROPER(TRIM(sales_dataset[[#This Row],[Region]]))) -> North | N4: Megha | Q4: Home | R4: =IF(TRIM(sales_dataset[[#This Row],[ProductCategory]])="", R22, PROPER(TRIM(sales_dataset[[#This Row],[ProductCategory]]))) -> Home | T4: Shirt | V4: 2 | W4: =IF(TRIM(sales_dataset[[#This Row],[Quantity]])="",V10,PROPER(TRIM(sales_dataset[[#This Row],[Quantity]]))) -> 2 | Z4: =IF(TRIM(sales_dataset[[#This Row],[UnitPrice]])="",Y6,PROPER(TRIM(sales_dataset[[#This Row],[UnitPrice]]))) -> -100 | AC4: =IF(TRIM(sales_dataset[[#This Row],[TotalRevenue]])="",AB6,PROPER(TRIM(sales_dataset[[#This Row],[TotalRevenue]]))) -> -100 | AD4: =ABS(sales_dataset[[#This Row],[Column5]]) -> 100 | AE4: =sales_dataset[[#This Row],[Column17]]*sales_dataset[[#This Row],[Column16]] -> 0
C5: store | F5: Priya | H5: Hyderabad | J5: North | K5: =IF(TRIM(sales_dataset[[#This Row],[Region]])="", J7, PROPER(TRIM(sales_dataset[[#This Row],[Region]]))) -> North | N5: Sam | Q5: electronics | R5: =IF(TRIM(sales_dataset[[#This Row],[ProductCategory]])="", R23, PROPER(TRIM(sales_dataset[[#This Row],[ProductCategory]]))) -> Electronics | T5: TV | V5: 5 | W5: =IF(TRIM(sales_dataset[[#This Row],[Quantity]])="",V11,PROPER(TRIM(sales_dataset[[#This Row],[Quantity]]))) -> 5 | Y5: 1500 | Z5: =IF(TRIM(sales_dataset[[#This Row],[UnitPrice]])="",Y7,PROPER(TRIM(sales_dataset[[#This Row],[UnitPrice]]))) -> 1500 | AB5: 7500 | AC5: =IF(TRIM(sales_dataset[[#This Row],[TotalRevenue]])="",AB7,PROPER(TRIM(sales_dataset[[#This Row],[TotalRevenue]]))) -> 7500 | AD5: =ABS(sales_dataset[[#This Row],[Column5]]) -> 7500 | AE5: =sales_dataset[[#This Row],[Column17]]*sales_dataset[[#This Row],[Column16]] -> 0
C6: ONLINE | F6: priya | H6: Bengaluru | K6: =IF(TRIM(sales_dataset[[#This Row],[Region]])="", J8, PROPER(TRIM(sales_dataset[[#This Row],[Region]]))) -> West | N6: Anita | Q6: Home | R6: =IF(TRIM(sales_dataset[[#This Row],[ProductCategory]])="", R24, PROPER(TRIM(sales_dataset[[#This Row],[ProductCategory]]))) -> Home | T6: TV | V6: 1 | W6: =IF(TRIM(sales_dataset[[#This Row],[Quantity]])="",V12,PROPER(TRIM(sales_dataset[[#This Row],[Quantity]]))) -> 1 | Y6: -100 | Z6: =IF(TRIM(sales_dataset[[#This Row],[UnitPrice]])="",Y8,PROPER(TRIM(sales_dataset[[#This Row],[UnitPrice]]))) -> -100 | AB6: -100 | AC6: =IF(TRIM(sales_dataset[[#This Row],[TotalRevenue]])="",AB8,PROPER(TRIM(sales_dataset[[#This Row],[TotalRevenue]]))) -> -100 | AD6: =ABS(sales_dataset[[#This Row],[Column5]]) -> 100 | AE6: =sales_dataset[[#This Row],[Column17]]*sales_dataset[[#This Row],[Column16]] -> 0
F7: Amit | K7: =IF(TRIM(sales_dataset[[#This Row],[Region]])="", J9, PROPER(TRIM(sales_dataset[[#This Row],[Region]]))) -> NORTH | N7: Sam | Q7: Clothing | R7: =IF(TRIM(sales_dataset[[#This Row],[ProductCategory]])="", R25, PROPER(TRIM(sales_dataset[[#This Row],[ProductCategory]]))) -> Clothing | T7: Shirt | V7: -1 | W7: =IF(TRIM(sales_dataset[[#This Row],[Quantity]])="",V13,PROPER(TRIM(sales_dataset[[#This Row],[Quantity]]))) -> -1 | Y7: 1500 | Z7: =IF(TRIM(sales_dataset[[#This Row],[UnitPrice]])="",Y9,PROPER(TRIM(sales_dataset[[#This Row],[UnitPrice]]))) -> 1500 | AB7: -1500 | AC7: =IF(TRIM(sales_dataset[[#This Row],[TotalRevenue]])="",AB9,PROPER(TRIM(sales_dataset[[#This Row],[TotalRevenue]]))) -> -1500 | AD7: =ABS(sales_dataset[[#This Row],[Column5]]) -> 1500 | AE7: =sales_dataset[[#This Row],[Column17]]*sales_dataset[[#This Row],[Column16]] -> 0
C8: Online | H8: Delhi | J8: West | K8: =IF(TRIM(sales_dataset[[#This Row],[Region]])="", J10, PROPER(TRIM(sales_dataset[[#This Row],[Region]]))) -> West | N8: Megha | Q8: Clothing | R8: =IF(TRIM(sales_dataset[[#This Row],[ProductCategory]])="", R26, PROPER(TRIM(sales_dataset[[#This Row],[ProductCategory]]))) -> Clothing | T8: Laptop | W8: =IF(TRIM(sales_dataset[[#This Row],[Quantity]])="",V14,PROPER(TRIM(sales_dataset[[#This Row],[Quantity]]))) -> -1 | Y8: 500 | Z8: =IF(TRIM(sales_dataset[[#This Row],[UnitPrice]])="",Y10,PROPER(TRIM(sales_dataset[[#This Row],[UnitPrice]]))) -> 500 | AC8: =IF(TRIM(sales_dataset[[#This Row],[TotalRevenue]])="",AB10,PROPER(TRIM(sales_dataset[[#This Row],[TotalRevenue]]))) -> -250 | AD8: =ABS(sales_dataset[[#This Row],[Column5]]) -> 250 | AE8: =sales_dataset[[#This Row],[Column17]]*sales_dataset[[#This Row],[Column16]] -> 0
C9: Offline | F9: John | H9: Mumbai | J9: NORTH | K9: =IF(TRIM(sales_dataset[[#This Row],[Region]])="", J11, PROPER(TRIM(sales_dataset[[#This Row],[Region]]))) -> North | Q9: Home | R9: =IF(TRIM(sales_dataset[[#This Row],[ProductCategory]])="", R27, PROPER(TRIM(sales_dataset[[#This Row],[ProductCategory]]))) -> Home | T9: Sofa | V9: 4 | W9: =IF(TRIM(sales_dataset[[#This Row],[Quantity]])="",V15,PROPER(TRIM(sales_dataset[[#This Row],[Quantity]]))) -> 4 | Y9: 2500 | Z9: =IF(TRIM(sales_dataset[[#This Row],[UnitPrice]])="",Y11,PROPER(TRIM(sales_dataset[[#This Row],[UnitPrice]]))) -> 2500 | AB9: 10000 | AC9: =IF(TRIM(sales_dataset[[#This Row],[TotalRevenue]])="",AB11,PROPER(TRIM(sales_dataset[[#This Row],[TotalRevenue]]))) -> 10000 | AD9: =ABS(sales_dataset[[#This Row],[Column5]]) -> 10000 | AE9: =sales_dataset[[#This Row],[Column17]]*sales_dataset[[#This Row],[Column16]] -> 0
C10: Store | F10: Priya | H10: mumbai | J10: East | K10: =IF(TRIM(sales_dataset[[#This Row],[Region]])="", J12, PROPER(TRIM(sales_dataset[[#This Row],[Region]]))) -> East | N10: Megha | Q10: Electronics | R10: =IF(TRIM(sales_dataset[[#This Row],[ProductCategory]])="", R28, PROPER(TRIM(sales_dataset[[#This Row],[ProductCategory]]))) -> Electronics | T10: Laptop | V10: 5 | W10: =IF(TRIM(sales_dataset[[#This Row],[Quantity]])="",V16,PROPER(TRIM(sales_dataset[[#This Row],[Quantity]]))) -> 5 | Y10: -100 | Z10: =IF(TRIM(sales_dataset[[#This Row],[UnitPrice]])="",Y12,PROPER(TRIM(sales_dataset[[#This Row],[UnitPrice]]))) -> -100 | AB10: -250 | AC10: =IF(TRIM(sales_dataset[[#This Row],[TotalRevenue]])="",AB12,PROPER(TRIM(sales_dataset[[#This Row],[TotalRevenue]]))) -> -250 | AD10: =ABS(sales_dataset[[#This Row],[Column5]]) -> 250 | AE10: =sales_dataset[[#This Row],[Column17]]*sales_dataset[[#This Row],[Column16]] -> 0
C11: store | F11: Sara | J11: North | K11: =IF(TRIM(sales_dataset[[#This Row],[Region]])="", J13, PROPER(TRIM(sales_dataset[[#This Row],[Region]]))) -> North | N11: Raj | Q11: Clothing | R11: =IF(TRIM(sales_dataset[[#This Row],[ProductCategory]])="", R29, PROPER(TRIM(sales_dataset[[#This Row],[ProductCategory]]))) -> Clothing | T11: shirt | V11: 3 | W11: =IF(TRIM(sales_dataset[[#This Row],[Quantity]])="",V17,PROPER(TRIM(sales_dataset[[#This Row],[Quantity]]))) -> 3 | Z11: =IF(TRIM(sales_dataset[[#This Row],[UnitPrice]])="",Y13,PROPER(TRIM(sales_dataset[[#This Row],[UnitPrice]]))) -> 2000 | AC11: =IF(TRIM(sales_dataset[[#This Row],[TotalRevenue]])="",AB13,PROPER(TRIM(sales_dataset[[#This Row],[TotalRevenue]]))) -> 2000 | AD11: =ABS(sales_dataset[[#This Row],[Column5]]) -> 2000 | AE11: =sales_dataset[[#This Row],[Column17]]*sales_dataset[[#This Row],[Column16]] -> 0
C12: ONLINE | F12: priya | H12: Mumbai | J12: East | K12: =IF(TRIM(sales_dataset[[#This Row],[Region]])="", J14, PROPER(TRIM(sales_dataset[[#This Row],[Region]]))) -> East | N12: Raj | R12: =IF(TRIM(sales_dataset[[#This Row],[ProductCategory]])="", R30, PROPER(TRIM(sales_dataset[[#This Row],[ProductCategory]]))) -> Electronics | T12: TV | V12: 4 | W12: =IF(TRIM(sales_dataset[[#This Row],[Quantity]])="",V18,PROPER(TRIM(sales_dataset[[#This Row],[Quantity]]))) -> 4 | Z12: =IF(TRIM(sales_dataset[[#This Row],[UnitPrice]])="",Y14,PROPER(TRIM(sales_dataset[[#This Row],[UnitPrice]]))) -> 0 | AC12: =IF(TRIM(sales_dataset[[#This Row],[TotalRevenue]])="",AB14,PROPER(TRIM(sales_dataset[[#This Row],[TotalRevenue]]))) -> 0 | AD12: =ABS(sales_dataset[[#This Row],[Column5]]) -> 0 | AE12: =sales_dataset[[#This Row],[Column17]]*sales_dataset[[#This Row],[Column16]] -> 0
F13: Sara | H13: Delhi | J13: East | K13: =IF(TRIM(sales_dataset[[#This Row],[Region]])="", J15, PROPER(TRIM(sales_dataset[[#This Row],[Region]]))) -> East | N13: Kevin | R13: =IF(TRIM(sales_dataset[[#This Row],[ProductCategory]])="", R31, PROPER(TRIM(sales_dataset[[#This Row],[ProductCategory]]))) -> Clothing | T13: Watch | V13: 1 | W13: =IF(TRIM(sales_dataset[[#This Row],[Quantity]])="",V19,PROPER(TRIM(sales_dataset[[#This Row],[Quantity]]))) -> 1 | Y13: 2000 | Z13: =IF(TRIM(sales_dataset[[#This Row],[UnitPrice]])="",Y15,PROPER(TRIM(sales_dataset[[#This Row],[UnitPrice]]))) -> 2000 | AB13: 2000 | AC13: =IF(TRIM(sales_dataset[[#This Row],[TotalRevenue]])="",AB15,PROPER(TRIM(sales_dataset[[#This Row],[TotalRevenue]]))) -> 2000 | AD13: =ABS(sales_dataset[[#This Row],[Column5]]) -> 2000 | AE13: =sales_dataset[[#This Row],[Column17]]*sales_dataset[[#This Row],[Column16]] -> 0
C14: Online | F14: Priya | H14: Mumbai | J14: South | K14: =IF(TRIM(sales_dataset[[#This Row],[Region]])="", J16, PROPER(TRIM(sales_dataset[[#This Row],[Region]]))) -> South | N14: Anita | R14: =IF(TRIM(sales_dataset[[#This Row],[ProductCategory]])="", R32, PROPER(TRIM(sales_dataset[[#This Row],[ProductCategory]]))) -> Electronics | T14: TV | V14: -1 | W14: =IF(TRIM(sales_dataset[[#This Row],[Quantity]])="",V20,PROPER(TRIM(sales_dataset[[#This Row],[Quantity]]))) -> -1 | Z14: =IF(TRIM(sales_dataset[[#This Row],[UnitPrice]])="",Y16,PROPER(TRIM(sales_dataset[[#This Row],[UnitPrice]]))) -> 2500 | AC14: =IF(TRIM(sales_dataset[[#This Row],[TotalRevenue]])="",AB16,PROPER(TRIM(sales_dataset[[#This Row],[TotalRevenue]]))) -> 5000 | AD14: =ABS(sales_dataset[[#This Row],[Column5]]) -> 5000 | AE14: =sales_dataset[[#This Row],[Column17]]*sales_dataset[[#This Row],[Column16]] -> 0
C15: Offline | F15: priya | H15: Bengaluru | J15: South | K15: =IF(TRIM(sales_dataset[[#This Row],[Region]])="", J17, PROPER(TRIM(sales_dataset[[#This Row],[Region]]))) -> South | R15: =IF(TRIM(sales_dataset[[#This Row],[ProductCategory]])="", R33, PROPER(TRIM(sales_dataset[[#This Row],[ProductCategory]]))) -> Electronics | T15: Shirt | V15: -1 | W15: =IF(TRIM(sales_dataset[[#This Row],[Quantity]])="",V21,PROPER(TRIM(sales_dataset[[#This Row],[Quantity]]))) -> -1 | Y15: 2500 | Z15: =IF(TRIM(sales_dataset[[#This Row],[UnitPrice]])="",Y17,PROPER(TRIM(sales_dataset[[#This Row],[UnitPrice]]))) -> 2500 | AB15: -2500 | AC15: =IF(TRIM(sales_dataset[[#This Row],[TotalRevenue]])="",AB17,PROPER(TRIM(sales_dataset[[#This Row],[TotalRevenue]]))) -> -2500 | AD15: =ABS(sales_dataset[[#This Row],[Column5]]) -> 2500 | AE15: =sales_dataset[[#This Row],[Column17]]*sales_dataset[[#This Row],[Column16]] -> 0
C16: Store | F16: Sara | J16: East | K16: =IF(TRIM(sales_dataset[[#This Row],[Region]])="", J18, PROPER(TRIM(sales_dataset[[#This Row],[Region]]))) -> East | Q16: Home | R16: =IF(TRIM(sales_dataset[[#This Row],[ProductCategory]])="", R34, PROPER(TRIM(sales_dataset[[#This Row],[ProductCategory]]))) -> Home | T16: Watch | V16: 2 | W16: =IF(TRIM(sales_dataset[[#This Row],[Quantity]])="",V22,PROPER(TRIM(sales_dataset[[#This Row],[Quantity]]))) -> 2 | Y16: 2500 | Z16: =IF(TRIM(sales_dataset[[#This Row],[UnitPrice]])="",Y18,PROPER(TRIM(sales_dataset[[#This Row],[UnitPrice]]))) -> 2500 | AB16: 5000 | AC16: =IF(TRIM(sales_dataset[[#This Row],[TotalRevenue]])="",AB18,PROPER(TRIM(sales_dataset[[#This Row],[TotalRevenue]]))) -> 5000 | AD16: =ABS(sales_dataset[[#This Row],[Column5]]) -> 5000 | AE16: =sales_dataset[[#This Row],[Column17]]*sales_dataset[[#This Row],[Column16]] -> 0
C17: store | J17: West | K17: =IF(TRIM(sales_dataset[[#This Row],[Region]])="", J19, PROPER(TRIM(sales_dataset[[#This Row],[Region]]))) -> West | N17: Sam | Q17: Electronics | R17: =IF(TRIM(sales_dataset[[#This Row],[ProductCategory]])="", R35, PROPER(TRIM(sales_dataset[[#This Row],[ProductCategory]]))) -> Electronics | T17: Watch | V17: 2 | W17: =IF(TRIM(sales_dataset[[#This Row],[Quantity]])="",V23,PROPER(TRIM(sales_dataset[[#This Row],[Quantity]]))) -> 2 | Z17: =IF(TRIM(sales_dataset[[#This Row],[UnitPrice]])="",Y19,PROPER(TRIM(sales_dataset[[#This Row],[UnitPrice]]))) -> 1500 | AC17: =IF(TRIM(sales_dataset[[#This Row],[TotalRevenue]])="",AB19,PROPER(TRIM(sales_dataset[[#This Row],[TotalRevenue]]))) -> 4500 | AD17: =ABS(sales_dataset[[#This Row],[Column5]]) -> 4500 | AE17: =sales_dataset[[#This Row],[Column17]]*sales_dataset[[#This Row],[Column16]] -> 0
C18: ONLINE | H18: Delhi | J18: South | K18: =IF(TRIM(sales_dataset[[#This Row],[Region]])="", J20, PROPER(TRIM(sales_dataset[[#This Row],[Region]]))) -> South | N18: Anita | Q18: Home | R18: =IF(TRIM(sales_dataset[[#This Row],[ProductCategory]])="", R36, PROPER(TRIM(sales_dataset[[#This Row],[ProductCategory]]))) -> Home | T18: Sofa | V18: 2 | W18: =IF(TRIM(sales_dataset[[#This Row],[Quantity]])="",V24,PROPER(TRIM(sales_dataset[[#This Row],[Quantity]]))) -> 2 | Y18: -100 | Z18: =IF(TRIM(sales_dataset[[#This Row],[UnitPrice]])="",Y20,PROPER(TRIM(sales_dataset[[#This Row],[UnitPrice]]))) -> -100 | AB18: -200 | AC18: =IF(TRIM(sales_dataset[[#This Row],[TotalRevenue]])="",AB20,PROPER(TRIM(sales_dataset[[#This Row],[TotalRevenue]]))) -> -200 | AD18: =ABS(sales_dataset[[#This Row],[Column5]]) -> 200 | AE18: =sales_dataset[[#This Row],[Column17]]*sales_dataset[[#This Row],[Column16]] -> 0
F19: David | H19: Hyderabad | J19: South | K19: =IF(TRIM(sales_dataset[[#This Row],[Region]])="", J21, PROPER(TRIM(sales_dataset[[#This Row],[Region]]))) -> South | N19: Sam | Q19: Clothing | R19: =IF(TRIM(sales_dataset[[#This Row],[ProductCategory]])="", R37, PROPER(TRIM(sales_dataset[[#This Row],[ProductCategory]]))) -> Clothing | T19: shirt | V19: 3 | W19: =IF(TRIM(sales_dataset[[#This Row],[Quantity]])="",V25,PROPER(TRIM(sales_dataset[[#This Row],[Quantity]]))) -> 3 | Y19: 1500 | Z19: =IF(TRIM(sales_dataset[[#This Row],[UnitPrice]])="",Y21,PROPER(TRIM(sales_dataset[[#This Row],[UnitPrice]]))) -> 1500 | AB19: 4500 | AC19: =IF(TRIM(sales_dataset[[#This Row],[TotalRevenue]])="",AB21,PROPER(TRIM(sales_dataset[[#This Row],[TotalRevenue]]))) -> 4500 | AD19: =ABS(sales_dataset[[#This Row],[Column5]]) -> 4500 | AE19: =sales_dataset[[#This Row],[Column17]]*sales_dataset[[#This Row],[Column16]] -> 0
C20: Online | F20: Amit | H20: Bengaluru | J20: South | K20: =IF(TRIM(sales_dataset[[#This Row],[Region]])="", J22, PROPER(TRIM(sales_dataset[[#This Row],[Region]]))) -> South | N20: Anita | R20: =IF(TRIM(sales_dataset[[#This Row],[ProductCategory]])="", R38, PROPER(TRIM(sales_dataset[[#This Row],[ProductCategory]]))) -> Home | T20: TV | V20: 4 | W20: =IF(TRIM(sales_dataset[[#This Row],[Quantity]])="",V26,PROPER(TRIM(sales_dataset[[#This Row],[Quantity]]))) -> 4 | Y20: 2000 | Z20: =IF(TRIM(sales_dataset[[#This Row],[UnitPrice]])="",Y22,PROPER(TRIM(sales_dataset[[#This Row],[UnitPrice]]))) -> 2000 | AB20: 8000 | AC20: =IF(TRIM(sales_dataset[[#This Row],[TotalRevenue]])="",AB22,PROPER(TRIM(sales_dataset[[#This Row],[TotalRevenue]]))) -> 8000 | AD20: =ABS(sales_dataset[[#This Row],[Column5]]) -> 8000 | AE20: =sales_dataset[[#This Row],[Column17]]*sales_dataset[[#This Row],[Column16]] -> 0
C21: Offline | F21: Sara | H21: Mumbai | J21: South | K21: =IF(TRIM(sales_dataset[[#This Row],[Region]])="", J23, PROPER(TRIM(sales_dataset[[#This Row],[Region]]))) -> South | N21: Megha | R21: =IF(TRIM(sales_dataset[[#This Row],[ProductCategory]])="", R39, PROPER(TRIM(sales_dataset[[#This Row],[ProductCategory]]))) -> Clothing | T21: Sofa | V21: 5 | W21: =IF(TRIM(sales_dataset[[#This Row],[Quantity]])="",V27,PROPER(TRIM(sales_dataset[[#This Row],[Quantity]]))) -> 5 | Y21: 2500 | Z21: =IF(TRIM(sales_dataset[[#This Row],[UnitPrice]])="",Y23,PROPER(TRIM(sales_dataset[[#This Row],[UnitPrice]]))) -> 2500 | AB21: 12500 | AC21: =IF(TRIM(sales_dataset[[#This Row],[TotalRevenue]])="",AB23,PROPER(TRIM(sales_dataset[[#This Row],[TotalRevenue]]))) -> 12500 | AD21: =ABS(sales_dataset[[#This Row],[Column5]]) -> 12500 | AE21: =sales_dataset[[#This Row],[Column17]]*sales_dataset[[#This Row],[Column16]] -> 0
C22: Store | F22: Amit | H22: Delhi | J22: North | K22: =IF(TRIM(sales_dataset[[#This Row],[Region]])="", J24, PROPER(TRIM(sales_dataset[[#This Row],[Region]]))) -> North | N22: Megha | R22: =IF(TRIM(sales_dataset[[#This Row],[ProductCategory]])="", R40, PROPER(TRIM(sales_dataset[[#This Row],[ProductCategory]]))) -> Electronics | T22: shirt | V22: 4 | W22: =IF(TRIM(sales_dataset[[#This Row],[Quantity]])="",V28,PROPER(TRIM(sales_dataset[[#This Row],[Quantity]]))) -> 4 | Y22: 2000 | Z22: =IF(TRIM(sales_dataset[[#This Row],[UnitPrice]])="",Y24,PROPER(TRIM(sales_dataset[[#This Row],[UnitPrice]]))) -> 2000 | AB22: 8000 | AC22: =IF(TRIM(sales_dataset[[#This Row],[TotalRevenue]])="",AB24,PROPER(TRIM(sales_dataset[[#This Row],[TotalRevenue]]))) -> 8000 | AD22: =ABS(sales_dataset[[#This Row],[Column5]]) -> 8000 | AE22: =sales_dataset[[#This Row],[Column17]]*sales_dataset[[#This Row],[Column16]] -> 0
C23: store | F23: Priya | H23: Bengaluru | J23: East | K23: =IF(TRIM(sales_dataset[[#This Row],[Region]])="", J25, PROPER(TRIM(sales_dataset[[#This Row],[Region]]))) -> East | N23: Anita | Q23: Clothing | R23: =IF(TRIM(sales_dataset[[#This Row],[ProductCategory]])="", R41, PROPER(TRIM(sales_dataset[[#This Row],[ProductCategory]]))) -> Clothing | T23: Laptop | V23: 2 | W23: =IF(TRIM(sales_dataset[[#This Row],[Quantity]])="",V29,PROPER(TRIM(sales_dataset[[#This Row],[Quantity]]))) -> 2 | Y23: 2000 | Z23: =IF(TRIM(sales_dataset[[#This Row],[UnitPrice]])="",Y25,PROPER(TRIM(sales_dataset[[#This Row],[UnitPrice]]))) -> 2000 | AB23: 4000 | AC23: =IF(TRIM(sales_dataset[[#This Row],[TotalRevenue]])="",AB25,PROPER(TRIM(sales_dataset[[#This Row],[TotalRevenue]]))) -> 4000 | AD23: =ABS(sales_dataset[[#This Row],[Column5]]) -> 4000 | AE23: =sales_dataset[[#This Row],[Column17]]*sales_dataset[[#This Row],[Column16]] -> 0
C24: ONLINE | F24: Priya | H24: Mumbai | J24: North | K24: =IF(TRIM(sales_dataset[[#This Row],[Region]])="", J26, PROPER(TRIM(sales_dataset[[#This Row],[Region]]))) -> North | N24: Kevin | Q24: electronics | R24: =IF(TRIM(sales_dataset[[#This Row],[ProductCategory]])="", R42, PROPER(TRIM(sales_dataset[[#This Row],[ProductCategory]]))) -> Electronics | T24: Watch | V24: 3 | W24: =IF(TRIM(sales_dataset[[#This Row],[Quantity]])="",V30,PROPER(TRIM(sales_dataset[[#This Row],[Quantity]]))) -> 3 | Y24: 2500 | Z24: =IF(TRIM(sales_dataset[[#This Row],[UnitPrice]])="",Y26,PROPER(TRIM(sales_dataset[[#This Row],[UnitPrice]]))) -> 2500 | AB24: 7500 | AC24: =IF(TRIM(sales_dataset[[#This Row],[TotalRevenue]])="",AB26,PROPER(TRIM(sales_dataset[[#This Row],[TotalRevenue]]))) -> 7500 | AD24: =ABS(sales_dataset[[#This Row],[Column5]]) -> 7500 | AE24: =sales_dataset[[#This Row],[Column17]]*sales_dataset[[#This Row],[Column16]] -> 0
F25: Priya | H25: Delhi | J25: NORTH | K25: =IF(TRIM(sales_dataset[[#This Row],[Region]])="", J27, PROPER(TRIM(sales_dataset[[#This Row],[Region]]))) -> North | N25: Megha | Q25: Home | R25: =IF(TRIM(sales_dataset[[#This Row],[ProductCategory]])="", R43, PROPER(TRIM(sales_dataset[[#This Row],[ProductCategory]]))) -> Home | T25: Sofa | V25: -1 | W25: =IF(TRIM(sales_dataset[[#This Row],[Quantity]])="",V31,PROPER(TRIM(sales_dataset[[#This Row],[Quantity]]))) -> -1 | Y25: 1500 | Z25: =IF(TRIM(sales_dataset[[#This Row],[UnitPrice]])="",Y27,PROPER(TRIM(sales_dataset[[#This Row],[UnitPrice]]))) -> 1500 | AB25: -1500 | AC25: =IF(TRIM(sales_dataset[[#This Row],[TotalRevenue]])="",AB27,PROPER(TRIM(sales_dataset[[#This Row],[TotalRevenue]]))) -> -1500 | AD25: =ABS(sales_dataset[[#This Row],[Column5]]) -> 1500 | AE25: =sales_dataset[[#This Row],[Column17]]*sales_dataset[[#This Row],[Column16]] -> 0
C26: Online | F26: Amit | H26: mumbai | J26: NORTH | K26: =IF(TRIM(sales_dataset[[#This Row],[Region]])="", J28, PROPER(TRIM(sales_dataset[[#This Row],[Region]]))) -> North | N26: Kevin | Q26: Electronics | R26: =IF(TRIM(sales_dataset[[#This Row],[ProductCategory]])="", R44, PROPER(TRIM(sales_dataset[[#This Row],[ProductCategory]]))) -> Electronics | T26: Laptop | W26: =IF(TRIM(sales_dataset[[#This Row],[Quantity]])="",V32,PROPER(TRIM(sales_dataset[[#This Row],[Quantity]]))) -> 0 | Y26: 1500 | Z26: =IF(TRIM(sales_dataset[[#This Row],[UnitPrice]])="",Y28,PROPER(TRIM(sales_dataset[[#This Row],[UnitPrice]]))) -> 1500 | AC26: =IF(TRIM(sales_dataset[[#This Row],[TotalRevenue]])="",AB28,PROPER(TRIM(sales_dataset[[#This Row],[TotalRevenue]]))) -> 0 | AD26: =ABS(sales_dataset[[#This Row],[Column5]]) -> 0 | AE26: =sales_dataset[[#This Row],[Column17]]*sales_dataset[[#This Row],[Column16]] -> 0
C27: Offline | H27: Chennai | K27: =IF(TRIM(sales_dataset[[#This Row],[Region]])="", J29, PROPER(TRIM(sales_dataset[[#This Row],[Region]]))) -> North | N27: Megha | Q27: Clothing | R27: =IF(TRIM(sales_dataset[[#This Row],[ProductCategory]])="", R45, PROPER(TRIM(sales_dataset[[#This Row],[ProductCategory]]))) -> Clothing | T27: TV | V27: 2 | W27: =IF(TRIM(sales_dataset[[#This Row],[Quantity]])="",V33,PROPER(TRIM(sales_dataset[[#This Row],[Quantity]]))) -> 2 | Y27: 2500 | Z27: =IF(TRIM(sales_dataset[[#This Row],[UnitPrice]])="",Y29,PROPER(TRIM(sales_dataset[[#This Row],[UnitPrice]]))) -> 2500 | AB27: 5000 | AC27: =IF(TRIM(sales_dataset[[#This Row],[TotalRevenue]])="",AB29,PROPER(TRIM(sales_dataset[[#This Row],[TotalRevenue]]))) -> 5000 | AD27: =ABS(sales_dataset[[#This Row],[Column5]]) -> 5000 | AE27: =sales_dataset[[#This Row],[Column17]]*sales_dataset[[#This Row],[Column16]] -> 0
C28: Store | F28: Sara | H28: Hyderabad | J28: NORTH | K28: =IF(TRIM(sales_dataset[[#This Row],[Region]])="", J30, PROPER(TRIM(sales_dataset[[#This Row],[Region]]))) -> North | Q28: electronics | R28: =IF(TRIM(sales_dataset[[#This Row],[ProductCategory]])="", R46, PROPER(TRIM(sales_dataset[[#This Row],[ProductCategory]]))) -> Electronics | T28: TV | V28: -1 | W28: =IF(TRIM(sales_dataset[[#This Row],[Quantity]])="",V34,PROPER(TRIM(sales_dataset[[#This Row],[Quantity]]))) -> -1 | Z28: =IF(TRIM(sales_dataset[[#This Row],[UnitPrice]])="",Y30,PROPER(TRIM(sales_dataset[[#This Row],[UnitPrice]]))) -> -100 | AC28: =IF(TRIM(sales_dataset[[#This Row],[TotalRevenue]])="",AB30,PROPER(TRIM(sales_dataset[[#This Row],[TotalRevenue]]))) -> -400 | AD28: =ABS(sales_dataset[[#This Row],[Column5]]) -> 400 | AE28: =sales_dataset[[#This Row],[Column17]]*sales_dataset[[#This Row],[Column16]] -> 0
C29: store | H29: Mumbai | J29: North | K29: =IF(TRIM(sales_dataset[[#This Row],[Region]])="", J31, PROPER(TRIM(sales_dataset[[#This Row],[Region]]))) -> North | N29: Raj | Q29: electronics | R29: =IF(TRIM(sales_dataset[[#This Row],[ProductCategory]])="", R47, PROPER(TRIM(sales_dataset[[#This Row],[ProductCategory]]))) -> Electronics | T29: Shirt | V29: 1 | W29: =IF(TRIM(sales_dataset[[#This Row],[Quantity]])="",V35,PROPER(TRIM(sales_dataset[[#This Row],[Quantity]]))) -> 1 | Y29: -100 | Z29: =IF(TRIM(sales_dataset[[#This Row],[UnitPrice]])="",Y31,PROPER(TRIM(sales_dataset[[#This Row],[UnitPrice]]))) -> -100 | AB29: -100 | AC29: =IF(TRIM(sales_dataset[[#This Row],[TotalRevenue]])="",AB31,PROPER(TRIM(sales_dataset[[#This Row],[TotalRevenue]]))) -> -100 | AD29: =ABS(sales_dataset[[#This Row],[Column5]]) -> 100 | AE29: =sales_dataset[[#This Row],[Column17]]*sales_dataset[[#This Row],[Column16]] -> 0
C30: ONLINE | F30: David | H30: mumbai | K30: =IF(TRIM(sales_dataset[[#This Row],[Region]])="", J32, PROPER(TRIM(sales_dataset[[#This Row],[Region]]))) -> NORTH | N30: Raj | Q30: Electronics | R30: =IF(TRIM(sales_dataset[[#This Row],[ProductCategory]])="", R48, PROPER(TRIM(sales_dataset[[#This Row],[ProductCategory]]))) -> Electronics | T30: Laptop | V30: 4 | W30: =IF(TRIM(sales_dataset[[#This Row],[Quantity]])="",V36,PROPER(TRIM(sales_dataset[[#This Row],[Quantity]]))) -> 4 | Y30: -100 | Z30: =IF(TRIM(sales_dataset[[#This Row],[UnitPrice]])="",Y32,PROPER(TRIM(sales_dataset[[#This Row],[UnitPrice]]))) -> -100 | AB30: -400 | AC30: =IF(TRIM(sales_dataset[[#This Row],[TotalRevenue]])="",AB32,PROPER(TRIM(sales_dataset[[#This Row],[TotalRevenue]]))) -> -400 | AD30: =ABS(sales_dataset[[#This Row],[Column5]]) -> 400 | AE30: =sales_dataset[[#This Row],[Column17]]*sales_dataset[[#This Row],[Column16]] -> 0
H31: Mumbai | J31: East | K31: =IF(TRIM(sales_dataset[[#This Row],[Region]])="", J33, PROPER(TRIM(sales_dataset[[#This Row],[Region]]))) -> East | Q31: Clothing | R31: =IF(TRIM(sales_dataset[[#This Row],[ProductCategory]])="", R49, PROPER(TRIM(sales_dataset[[#This Row],[ProductCategory]]))) -> Clothing | T31: Laptop | V31: 3 | W31: =IF(TRIM(sales_dataset[[#This Row],[Quantity]])="",V37,PROPER(TRIM(sales_dataset[[#This Row],[Quantity]]))) -> 3 | Z31: =IF(TRIM(sales_dataset[[#This Row],[UnitPrice]])="",Y33,PROPER(TRIM(sales_dataset[[#This Row],[UnitPrice]]))) -> -100 | AC31: =IF(TRIM(sales_dataset[[#This Row],[TotalRevenue]])="",AB33,PROPER(TRIM(sales_dataset[[#This Row],[TotalRevenue]]))) -> -200 | AD31: =ABS(sales_dataset[[#This Row],[Column5]]) -> 200 | AE31: =sales_dataset[[#This Row],[Column17]]*sales_dataset[[#This Row],[Column16]] -> 0
C32: Online | F32: Amit | H32: Chennai | J32: NORTH | K32: =IF(TRIM(sales_dataset[[#This Row],[Region]])="", J34, PROPER(TRIM(sales_dataset[[#This Row],[Region]]))) -> North | N32: Anita | Q32: electronics | R32: =IF(TRIM(sales_dataset[[#This Row],[ProductCategory]])="", R50, PROPER(TRIM(sales_dataset[[#This Row],[ProductCategory]]))) -> Electronics | T32: Sofa | W32: =IF(TRIM(sales_dataset[[#This Row],[Quantity]])="",V38,PROPER(TRIM(sales_dataset[[#This Row],[Quantity]]))) -> 4 | Y32: 2000 | Z32: =IF(TRIM(sales_dataset[[#This Row],[UnitPrice]])="",Y34,PROPER(TRIM(sales_dataset[[#This Row],[UnitPrice]]))) -> 2000 | AC32: =IF(TRIM(sales_dataset[[#This Row],[TotalRevenue]])="",AB34,PROPER(TRIM(sales_dataset[[#This Row],[TotalRevenue]]))) -> 0 | AD32: =ABS(sales_dataset[[#This Row],[Column5]]) -> 0 | AE32: =sales_dataset[[#This Row],[Column17]]*sales_dataset[[#This Row],[Column16]] -> 0
C33: Offline | F33: priya | H33: Chennai | J33: South | K33: =IF(TRIM(sales_dataset[[#This Row],[Region]])="", J35, PROPER(TRIM(sales_dataset[[#This Row],[Region]]))) -> South | N33: Sam | R33: =IF(TRIM(sales_dataset[[#This Row],[ProductCategory]])="", R51, PROPER(TRIM(sales_dataset[[#This Row],[ProductCategory]]))) -> Electronics | T33: shirt | V33: 2 | W33: =IF(TRIM(sales_dataset[[#This Row],[Quantity]])="",V39,PROPER(TRIM(sales_dataset[[#This Row],[Quantity]]))) -> 2 | Y33: -100 | Z33: =IF(TRIM(sales_dataset[[#This Row],[UnitPrice]])="",Y35,PROPER(TRIM(sales_dataset[[#This Row],[UnitPrice]]))) -> -100 | AB33: -200 | AC33: =IF(TRIM(sales_dataset[[#This Row],[TotalRevenue]])="",AB35,PROPER(TRIM(sales_dataset[[#This Row],[TotalRevenue]]))) -> -200 | AD33: =ABS(sales_dataset[[#This Row],[Column5]]) -> 200 | AE33: =sales_dataset[[#This Row],[Column17]]*sales_dataset[[#This Row],[Column16]] -> 0
C34: Store | J34: NORTH | K34: =IF(TRIM(sales_dataset[[#This Row],[Region]])="", J36, PROPER(TRIM(sales_dataset[[#This Row],[Region]]))) -> North | N34: Raj | Q34: Electronics | R34: =IF(TRIM(sales_dataset[[#This Row],[ProductCategory]])="", R52, PROPER(TRIM(sales_dataset[[#This Row],[ProductCategory]]))) -> Electronics | T34: Watch | V34: 3 | W34: =IF(TRIM(sales_dataset[[#This Row],[Quantity]])="",V40,PROPER(TRIM(sales_dataset[[#This Row],[Quantity]]))) -> 3 | Z34: =IF(TRIM(sales_dataset[[#This Row],[UnitPrice]])="",Y36,PROPER(TRIM(sales_dataset[[#This Row],[UnitPrice]]))) -> -100 | AC34: =IF(TRIM(sales_dataset[[#This Row],[TotalRevenue]])="",AB36,PROPER(TRIM(sales_dataset[[#This Row],[TotalRevenue]]))) -> -100 | AD34: =ABS(sales_dataset[[#This Row],[Column5]]) -> 100 | AE34: =sales_dataset[[#This Row],[Column17]]*sales_dataset[[#This Row],[Column16]] -> 0
C35: store | F35: David | H35: Bengaluru | J35: West | K35: =IF(TRIM(sales_dataset[[#This Row],[Region]])="", J37, PROPER(TRIM(sales_dataset[[#This Row],[Region]]))) -> West | N35: Megha | R35: =IF(TRIM(sales_dataset[[#This Row],[ProductCategory]])="", R53, PROPER(TRIM(sales_dataset[[#This Row],[ProductCategory]]))) -> Clothing | T35: shirt | W35: =IF(TRIM(sales_dataset[[#This Row],[Quantity]])="",V41,PROPER(TRIM(sales_dataset[[#This Row],[Quantity]]))) -> -1 | Y35: 2000 | Z35: =IF(TRIM(sales_dataset[[#This Row],[UnitPrice]])="",Y37,PROPER(TRIM(sales_dataset[[#This Row],[UnitPrice]]))) -> 2000 | AC35: =IF(TRIM(sales_dataset[[#This Row],[TotalRevenue]])="",AB37,PROPER(TRIM(sales_dataset[[#This Row],[TotalRevenue]]))) -> -100 | AD35: =ABS(sales_dataset[[#This Row],[Column5]]) -> 100 | AE35: =sales_dataset[[#This Row],[Column17]]*sales_dataset[[#This Row],[Column16]] -> 0
C36: ONLINE | F36: Sara | H36: Hyderabad | J36: South | K36: =IF(TRIM(sales_dataset[[#This Row],[Region]])="", J38, PROPER(TRIM(sales_dataset[[#This Row],[Region]]))) -> South | N36: Megha | Q36: Electronics | R36: =IF(TRIM(sales_dataset[[#This Row],[ProductCategory]])="", R54, PROPER(TRIM(sales_dataset[[#This Row],[ProductCategory]]))) -> Electronics | T36: shirt | V36: 1 | W36: =IF(TRIM(sales_dataset[[#This Row],[Quantity]])="",V42,PROPER(TRIM(sales_dataset[[#This Row],[Quantity]]))) -> 1 | Y36: -100 | Z36: =IF(TRIM(sales_dataset[[#This Row],[UnitPrice]])="",Y38,PROPER(TRIM(sales_dataset[[#This Row],[UnitPrice]]))) -> -100 | AB36: -100 | AC36: =IF(TRIM(sales_dataset[[#This Row],[TotalRevenue]])="",AB38,PROPER(TRIM(sales_dataset[[#This Row],[TotalRevenue]]))) -> -100 | AD36: =ABS(sales_dataset[[#This Row],[Column5]]) -> 100 | AE36: =sales_dataset[[#This Row],[Column17]]*sales_dataset[[#This Row],[Column16]] -> 0
F37: Sara | H37: Hyderabad | J37: South | K37: =IF(TRIM(sales_dataset[[#This Row],[Region]])="", J39, PROPER(TRIM(sales_dataset[[#This Row],[Region]]))) -> South | N37: Raj | Q37: Home | R37: =IF(TRIM(sales_dataset[[#This Row],[ProductCategory]])="", R55, PROPER(TRIM(sales_dataset[[#This Row],[ProductCategory]]))) -> Home | T37: Watch | V37: 1 | W37: =IF(TRIM(sales_dataset[[#This Row],[Quantity]])="",V43,PROPER(TRIM(sales_dataset[[#This Row],[Quantity]]))) -> 1 | Y37: -100 | Z37: =IF(TRIM(sales_dataset[[#This Row],[UnitPrice]])="",Y39,PROPER(TRIM(sales_dataset[[#This Row],[UnitPrice]]))) -> -100 | AB37: -100 | AC37: =IF(TRIM(sales_dataset[[#This Row],[TotalRevenue]])="",AB39,PROPER(TRIM(sales_dataset[[#This Row],[TotalRevenue]]))) -> -100 | AD37: =ABS(sales_dataset[[#This Row],[Column5]]) -> 100 | AE37: =sales_dataset[[#This Row],[Column17]]*sales_dataset[[#This Row],[Column16]] -> 0
C38: Online | F38: Amit | H38: Mumbai | J38: South | K38: =IF(TRIM(sales_dataset[[#This Row],[Region]])="", J40, PROPER(TRIM(sales_dataset[[#This Row],[Region]]))) -> South | N38: Raj | Q38: Home | R38: =IF(TRIM(sales_dataset[[#This Row],[ProductCategory]])="", R56, PROPER(TRIM(sales_dataset[[#This Row],[ProductCategory]]))) -> Home | T38: Shirt | V38: 4 | W38: =IF(TRIM(sales_dataset[[#This Row],[Quantity]])="",V44,PROPER(TRIM(sales_dataset[[#This Row],[Quantity]]))) -> 4 | Z38: =IF(TRIM(sales_dataset[[#This Row],[UnitPrice]])="",Y40,PROPER(TRIM(sales_dataset[[#This Row],[UnitPrice]]))) -> 1500 | AC38: =IF(TRIM(sales_dataset[[#This Row],[TotalRevenue]])="",AB40,PROPER(TRIM(sales_dataset[[#This Row],[TotalRevenue]]))) -> 3000 | AD38: =ABS(sales_dataset[[#This Row],[Column5]]) -> 3000 | AE38: =sales_dataset[[#This Row],[Column17]]*sales_dataset[[#This Row],[Column16]] -> 0
C39: Offline | F39: John | H39: Chennai | K39: =IF(TRIM(sales_dataset[[#This Row],[Region]])="", J41, PROPER(TRIM(sales_dataset[[#This Row],[Region]]))) -> South | N39: Sam | Q39: Clothing | R39: =IF(TRIM(sales_dataset[[#This Row],[ProductCategory]])="", R57, PROPER(TRIM(sales_dataset[[#This Row],[ProductCategory]]))) -> Clothing | T39: shirt | V39: 3 | W39: =IF(TRIM(sales_dataset[[#This Row],[Quantity]])="",V45,PROPER(TRIM(sales_dataset[[#This Row],[Quantity]]))) -> 3 | Y39: -100 | Z39: =IF(TRIM(sales_dataset[[#This Row],[UnitPrice]])="",Y41,PROPER(TRIM(sales_dataset[[#This Row],[UnitPrice]]))) -> -100 | AB39: -300 | AC39: =IF(TRIM(sales_dataset[[#This Row],[TotalRevenue]])="",AB41,PROPER(TRIM(sales_dataset[[#This Row],[TotalRevenue]]))) -> -300 | AD39: =ABS(sales_dataset[[#This Row],[Column5]]) -> 300 | AE39: =sales_dataset[[#This Row],[Column17]]*sales_dataset[[#This Row],[Column16]] -> 0
C40: Store | F40: David | H40: Hyderabad | J40: NORTH | K40: =IF(TRIM(sales_dataset[[#This Row],[Region]])="", J42, PROPER(TRIM(sales_dataset[[#This Row],[Region]]))) -> North | N40: Raj | Q40: electronics | R40: =IF(TRIM(sales_dataset[[#This Row],[ProductCategory]])="", R58, PROPER(TRIM(sales_dataset[[#This Row],[ProductCategory]]))) -> Electronics | T40: Shirt | V40: 2 | W40: =IF(TRIM(sales_dataset[[#This Row],[Quantity]])="",V46,PROPER(TRIM(sales_dataset[[#This Row],[Quantity]]))) -> 2 | Y40: 1500 | Z40: =IF(TRIM(sales_dataset[[#This Row],[UnitPrice]])="",Y42,PROPER(TRIM(sales_dataset[[#This Row],[UnitPrice]]))) -> 1500 | AB40: 3000 | AC40: =IF(TRIM(sales_dataset[[#This Row],[TotalRevenue]])="",AB42,PROPER(TRIM(sales_dataset[[#This Row],[TotalRevenue]]))) -> 3000 | AD40: =ABS(sales_dataset[[#This Row],[Column5]]) -> 3000 | AE40: =sales_dataset[[#This Row],[Column17]]*sales_dataset[[#This Row],[Column16]] -> 0
C41: store | F41: Priya | H41: Delhi | J41: South | K41: =IF(TRIM(sales_dataset[[#This Row],[Region]])="", J43, PROPER(TRIM(sales_dataset[[#This Row],[Region]]))) -> South | N41: Anita | R41: =IF(TRIM(sales_dataset[[#This Row],[ProductCategory]])="", R59, PROPER(TRIM(sales_dataset[[#This Row],[ProductCategory]]))) -> Electronics | T41: Shirt | V41: -1 | W41: =IF(TRIM(sales_dataset[[#This Row],[Quantity]])="",V47,PROPER(TRIM(sales_dataset[[#This Row],[Quantity]]))) -> -1 | Y41: 1500 | Z41: =IF(TRIM(sales_dataset[[#This Row],[UnitPrice]])="",Y43,PROPER(TRIM(sales_dataset[[#This Row],[UnitPrice]]))) -> 1500 | AB41: -1500 | AC41: =IF(TRIM(sales_dataset[[#This Row],[TotalRevenue]])="",AB43,PROPER(TRIM(sales_dataset[[#This Row],[TotalRevenue]]))) -> -1500 | AD41: =ABS(sales_dataset[[#This Row],[Column5]]) -> 1500 | AE41: =sales_dataset[[#This Row],[Column17]]*sales_dataset[[#This Row],[Column16]] -> 0
C42: ONLINE | F42: David | H42: Hyderabad | K42: =IF(TRIM(sales_dataset[[#This Row],[Region]])="", J44, PROPER(TRIM(sales_dataset[[#This Row],[Region]]))) -> North | N42: Sam | Q42: electronics | R42: =IF(TRIM(sales_dataset[[#This Row],[ProductCategory]])="", R60, PROPER(TRIM(sales_dataset[[#This Row],[ProductCategory]]))) -> Electronics | T42: Laptop | V42: -1 | W42: =IF(TRIM(sales_dataset[[#This Row],[Quantity]])="",V48,PROPER(TRIM(sales_dataset[[#This Row],[Quantity]]))) -> -1 | Y42: 1500 | Z42: =IF(TRIM(sales_dataset[[#This Row],[UnitPrice]])="",Y44,PROPER(TRIM(sales_dataset[[#This Row],[UnitPrice]]))) -> 1500 | AB42: -1500 | AC42: =IF(TRIM(sales_dataset[[#This Row],[TotalRevenue]])="",AB44,PROPER(TRIM(sales_dataset[[#This Row],[TotalRevenue]]))) -> -1500 | AD42: =ABS(sales_dataset[[#This Row],[Column5]]) -> 1500 | AE42: =sales_dataset[[#This Row],[Column17]]*sales_dataset[[#This Row],[Column16]] -> 0
H43: Mumbai | J43: West | K43: =IF(TRIM(sales_dataset[[#This Row],[Region]])="", J45, PROPER(TRIM(sales_dataset[[#This Row],[Region]]))) -> West | Q43: Home | R43: =IF(TRIM(sales_dataset[[#This Row],[ProductCategory]])="", R61, PROPER(TRIM(sales_dataset[[#This Row],[ProductCategory]]))) -> Home | T43: TV | V43: 2 | W43: =IF(TRIM(sales_dataset[[#This Row],[Quantity]])="",V49,PROPER(TRIM(sales_dataset[[#This Row],[Quantity]]))) -> 2 | Z43: =IF(TRIM(sales_dataset[[#This Row],[UnitPrice]])="",Y45,PROPER(TRIM(sales_dataset[[#This Row],[UnitPrice]]))) -> 2000 | AC43: =IF(TRIM(sales_dataset[[#This Row],[TotalRevenue]])="",AB45,PROPER(TRIM(sales_dataset[[#This Row],[TotalRevenue]]))) -> -2000 | AD43: =ABS(sales_dataset[[#This Row],[Column5]]) -> 2000 | AE43: =sales_dataset[[#This Row],[Column17]]*sales_dataset[[#This Row],[Column16]] -> 0
C44: Online | F44: Sara | H44: mumbai | J44: North | K44: =IF(TRIM(sales_dataset[[#This Row],[Region]])="", J46, PROPER(TRIM(sales_dataset[[#This Row],[Region]]))) -> North | R44: =IF(TRIM(sales_dataset[[#This Row],[ProductCategory]])="", R62, PROPER(TRIM(sales_dataset[[#This Row],[ProductCategory]]))) -> Electronics | T44: TV | V44: 5 | W44: =IF(TRIM(sales_dataset[[#This Row],[Quantity]])="",V50,PROPER(TRIM(sales_dataset[[#This Row],[Quantity]]))) -> 5 | Y44: -100 | Z44: =IF(TRIM(sales_dataset[[#This Row],[UnitPrice]])="",Y46,PROPER(TRIM(sales_dataset[[#This Row],[UnitPrice]]))) -> -100 | AB44: -500 | AC44: =IF(TRIM(sales_dataset[[#This Row],[TotalRevenue]])="",AB46,PROPER(TRIM(sales_dataset[[#This Row],[TotalRevenue]]))) -> -500 | AD44: =ABS(sales_dataset[[#This Row],[Column5]]) -> 500 | AE44: =sales_dataset[[#This Row],[Column17]]*sales_dataset[[#This Row],[Column16]] -> 0
C45: Offline | F45: priya | J45: West | K45: =IF(TRIM(sales_dataset[[#This Row],[Region]])="", J47, PROPER(TRIM(sales_dataset[[#This Row],[Region]]))) -> West | N45: Raj | Q45: Clothing | R45: =IF(TRIM(sales_dataset[[#This Row],[ProductCategory]])="", R63, PROPER(TRIM(sales_dataset[[#This Row],[ProductCategory]]))) -> Clothing | T45: Sofa | V45: -1 | W45: =IF(TRIM(sales_dataset[[#This Row],[Quantity]])="",V51,PROPER(TRIM(sales_dataset[[#This Row],[Quantity]]))) -> -1 | Y45: 2000 | Z45: =IF(TRIM(sales_dataset[[#This Row],[UnitPrice]])="",Y47,PROPER(TRIM(sales_dataset[[#This Row],[UnitPrice]]))) -> 2000 | AB45: -2000 | AC45: =IF(TRIM(sales_dataset[[#This Row],[TotalRevenue]])="",AB47,PROPER(TRIM(sales_dataset[[#This Row],[TotalRevenue]]))) -> -2000 | AD45: =ABS(sales_dataset[[#This Row],[Column5]]) -> 2000 | AE45: =sales_dataset[[#This Row],[Column17]]*sales_dataset[[#This Row],[Column16]] -> 0
C46: Store | F46: Sara | J46: East | K46: =IF(TRIM(sales_dataset[[#This Row],[Region]])="", J48, PROPER(TRIM(sales_dataset[[#This Row],[Region]]))) -> East | N46: Megha | Q46: electronics | R46: =IF(TRIM(sales_dataset[[#This Row],[ProductCategory]])="", R64, PROPER(TRIM(sales_dataset[[#This Row],[ProductCategory]]))) -> Electronics | T46: Watch | V46: 2 | W46: =IF(TRIM(sales_dataset[[#This Row],[Quantity]])="",V52,PROPER(TRIM(sales_dataset[[#This Row],[Quantity]]))) -> 2 | Y46: -100 | Z46: =IF(TRIM(sales_dataset[[#This Row],[UnitPrice]])="",Y48,PROPER(TRIM(sales_dataset[[#This Row],[UnitPrice]]))) -> -100 | AB46: -200 | AC46: =IF(TRIM(sales_dataset[[#This Row],[TotalRevenue]])="",AB48,PROPER(TRIM(sales_dataset[[#This Row],[TotalRevenue]]))) -> -200 | AD46: =ABS(sales_dataset[[#This Row],[Column5]]) -> 200 | AE46: =sales_dataset[[#This Row],[Column17]]*sales_dataset[[#This Row],[Column16]] -> 0
C47: store | H47: mumbai | K47: =IF(TRIM(sales_dataset[[#This Row],[Region]])="", J49, PROPER(TRIM(sales_dataset[[#This Row],[Region]]))) -> South | Q47: Electronics | R47: =IF(TRIM(sales_dataset[[#This Row],[ProductCategory]])="", R65, PROPER(TRIM(sales_dataset[[#This Row],[ProductCategory]]))) -> Electronics | T47: Watch | V47: 4 | W47: =IF(TRIM(sales_dataset[[#This Row],[Quantity]])="",V53,PROPER(TRIM(sales_dataset[[#This Row],[Quantity]]))) -> 4 | Y47: 2000 | Z47: =IF(TRIM(sales_dataset[[#This Row],[UnitPrice]])="",Y49,PROPER(TRIM(sales_dataset[[#This Row],[UnitPrice]]))) -> 2000 | AB47: 8000 | AC47: =IF(TRIM(sales_dataset[[#This Row],[TotalRevenue]])="",AB49,PROPER(TRIM(sales_dataset[[#This Row],[TotalRevenue]]))) -> 8000 | AD47: =ABS(sales_dataset[[#This Row],[Column5]]) -> 8000 | AE47: =sales_dataset[[#This Row],[Column17]]*sales_dataset[[#This Row],[Column16]] -> 0
C48: ONLINE | F48: Amit | H48: Hyderabad | K48: =IF(TRIM(sales_dataset[[#This Row],[Region]])="", J50, PROPER(TRIM(sales_dataset[[#This Row],[Region]]))) -> West | N48: Raj | Q48: Electronics | R48: =IF(TRIM(sales_dataset[[#This Row],[ProductCategory]])="", R66, PROPER(TRIM(sales_dataset[[#This Row],[ProductCategory]]))) -> Electronics | V48: -1 | W48: =IF(TRIM(sales_dataset[[#This Row],[Quantity]])="",V54,PROPER(TRIM(sales_dataset[[#This Row],[Quantity]]))) -> -1 | Y48: -100 | Z48: =IF(TRIM(sales_dataset[[#This Row],[UnitPrice]])="",Y50,PROPER(TRIM(sales_dataset[[#This Row],[UnitPrice]]))) -> -100 | AB48: 50 | AC48: =IF(TRIM(sales_dataset[[#This Row],[TotalRevenue]])="",AB50,PROPER(TRIM(sales_dataset[[#This Row],[TotalRevenue]]))) -> 50 | AD48: =ABS(sales_dataset[[#This Row],[Column5]]) -> 50 | AE48: =sales_dataset[[#This Row],[Column17]]*sales_dataset[[#This Row],[Column16]] -> 0
F49: John | H49: Bengaluru | J49: South | K49: =IF(TRIM(sales_dataset[[#This Row],[Region]])="", J51, PROPER(TRIM(sales_dataset[[#This Row],[Region]]))) -> South | N49: Anita | R49: =IF(TRIM(sales_dataset[[#This Row],[ProductCategory]])="", R67, PROPER(TRIM(sales_dataset[[#This Row],[ProductCategory]]))) -> Clothing | T49: Sofa | V49: -1 | W49: =IF(TRIM(sales_dataset[[#This Row],[Quantity]])="",V55,PROPER(TRIM(sales_dataset[[#This Row],[Quantity]]))) -> -1 | Y49: 1500 | Z49: =IF(TRIM(sales_dataset[[#This Row],[UnitPrice]])="",Y51,PROPER(TRIM(sales_dataset[[#This Row],[UnitPrice]]))) -> 1500 | AB49: -1500 | AC49: =IF(TRIM(sales_dataset[[#This Row],[TotalRevenue]])="",AB51,PROPER(TRIM(sales_dataset[[#This Row],[TotalRevenue]]))) -> -1500 | AD49: =ABS(sales_dataset[[#This Row],[Column5]]) -> 1500 | AE49: =sales_dataset[[#This Row],[Column17]]*sales_dataset[[#This Row],[Column16]] -> 0
C50: Online | F50: Priya | H50: Chennai | J50: West | K50: =IF(TRIM(sales_dataset[[#This Row],[Region]])="", J52, PROPER(TRIM(sales_dataset[[#This Row],[Region]]))) -> West | N50: Anita | Q50: Electronics | R50: =IF(TRIM(sales_dataset[[#This Row],[ProductCategory]])="", R68, PROPER(TRIM(sales_dataset[[#This Row],[ProductCategory]]))) -> Electronics | T50: Laptop | V50: -1 | W50: =IF(TRIM(sales_dataset[[#This Row],[Quantity]])="",V56,PROPER(TRIM(sales_dataset[[#This Row],[Quantity]]))) -> -1 | Y50: -100 | Z50: =IF(TRIM(sales_dataset[[#This Row],[UnitPrice]])="",Y52,PROPER(TRIM(sales_dataset[[#This Row],[UnitPrice]]))) -> -100 | AB50: 100 | AC50: =IF(TRIM(sales_dataset[[#This Row],[TotalRevenue]])="",AB52,PROPER(TRIM(sales_dataset[[#This Row],[TotalRevenue]]))) -> 100 | AD50: =ABS(sales_dataset[[#This Row],[Column5]]) -> 100 | AE50: =sales_dataset[[#This Row],[Column17]]*sales_dataset[[#This Row],[Column16]] -> 0
C51: Offline | F51: David | H51: mumbai | J51: NORTH | K51: =IF(TRIM(sales_dataset[[#This Row],[Region]])="", J53, PROPER(TRIM(sales_dataset[[#This Row],[Region]]))) -> North | N51: Megha | Q51: Electronics | R51: =IF(TRIM(sales_dataset[[#This Row],[ProductCategory]])="", R69, PROPER(TRIM(sales_dataset[[#This Row],[ProductCategory]]))) -> Electronics | T51: TV | V51: 1 | W51: =IF(TRIM(sales_dataset[[#This Row],[Quantity]])="",V57,PROPER(TRIM(sales_dataset[[#This Row],[Quantity]]))) -> 1 | Y51: -100 | Z51: =IF(TRIM(sales_dataset[[#This Row],[UnitPrice]])="",Y53,PROPER(TRIM(sales_dataset[[#This Row],[UnitPrice]]))) -> -100 | AB51: -100 | AC51: =IF(TRIM(sales_dataset[[#This Row],[TotalRevenue]])="",AB53,PROPER(TRIM(sales_dataset[[#This Row],[TotalRevenue]]))) -> -100 | AD51: =ABS(sales_dataset[[#This Row],[Column5]]) -> 100 | AE51: =sales_dataset[[#This Row],[Column17]]*sales_dataset[[#This Row],[Column16]] -> 0
C52: Store | F52: John | H52: Mumbai | J52: East | K52: =IF(TRIM(sales_dataset[[#This Row],[Region]])="", J54, PROPER(TRIM(sales_dataset[[#This Row],[Region]]))) -> East | N52: Sam | Q52: Home | R52: =IF(TRIM(sales_dataset[[#This Row],[ProductCategory]])="", R70, PROPER(TRIM(sales_dataset[[#This Row],[ProductCategory]]))) -> Home | T52: Shirt | V52: 2 | W52: =IF(TRIM(sales_dataset[[#This Row],[Quantity]])="",V58,PROPER(TRIM(sales_dataset[[#This Row],[Quantity]]))) -> 2 | Y52: 1500 | Z52: =IF(TRIM(sales_dataset[[#This Row],[UnitPrice]])="",Y54,PROPER(TRIM(sales_dataset[[#This Row],[UnitPrice]]))) -> 1500 | AB52: 3000 | AC52: =IF(TRIM(sales_dataset[[#This Row],[TotalRevenue]])="",AB54,PROPER(TRIM(sales_dataset[[#This Row],[TotalRevenue]]))) -> 3000 | AD52: =ABS(sales_dataset[[#This Row],[Column5]]) -> 3000 | AE52: =sales_dataset[[#This Row],[Column17]]*sales_dataset[[#This Row],[Column16]] -> 0
C53: store | F53: Priya | H53: Mumbai | K53: =IF(TRIM(sales_dataset[[#This Row],[Region]])="", J55, PROPER(TRIM(sales_dataset[[#This Row],[Region]]))) -> South | N53: Megha | Q53: Clothing | R53: =IF(TRIM(sales_dataset[[#This Row],[ProductCategory]])="", R71, PROPER(TRIM(sales_dataset[[#This Row],[ProductCategory]]))) -> Clothing | T53: TV | V53: 5 | W53: =IF(TRIM(sales_dataset[[#This Row],[Quantity]])="",V59,PROPER(TRIM(sales_dataset[[#This Row],[Quantity]]))) -> 5 | Z53: =IF(TRIM(sales_dataset[[#This Row],[UnitPrice]])="",Y55,PROPER(TRIM(sales_dataset[[#This Row],[UnitPrice]]))) -> -100 | AC53: =IF(TRIM(sales_dataset[[#This Row],[TotalRevenue]])="",AB55,PROPER(TRIM(sales_dataset[[#This Row],[TotalRevenue]]))) -> 0 | AD53: =ABS(sales_dataset[[#This Row],[Column5]]) -> 0 | AE53: =sales_dataset[[#This Row],[Column17]]*sales_dataset[[#This Row],[Column16]] -> 0
C54: ONLINE | F54: Sara | H54: Chennai | J54: West | K54: =IF(TRIM(sales_dataset[[#This Row],[Region]])="", J56, PROPER(TRIM(sales_dataset[[#This Row],[Region]]))) -> West | N54: Raj | Q54: Electronics | R54: =IF(TRIM(sales_dataset[[#This Row],[ProductCategory]])="", R72, PROPER(TRIM(sales_dataset[[#This Row],[ProductCategory]]))) -> Electronics | T54: Sofa | V54: 4 | W54: =IF(TRIM(sales_dataset[[#This Row],[Quantity]])="",V60,PROPER(TRIM(sales_dataset[[#This Row],[Quantity]]))) -> 4 | Z54: =IF(TRIM(sales_dataset[[#This Row],[UnitPrice]])="",Y56,PROPER(TRIM(sales_dataset[[#This Row],[UnitPrice]]))) -> -100 | AC54: =IF(TRIM(sales_dataset[[#This Row],[TotalRevenue]])="",AB56,PROPER(TRIM(sales_dataset[[#This Row],[TotalRevenue]]))) -> -400 | AD54: =ABS(sales_dataset[[#This Row],[Column5]]) -> 400 | AE54: =sales_dataset[[#This Row],[Column17]]*sales_dataset[[#This Row],[Column16]] -> 0
F55: priya | J55: South | K55: =IF(TRIM(sales_dataset[[#This Row],[Region]])="", J57, PROPER(TRIM(sales_dataset[[#This Row],[Region]]))) -> South | N55: Megha | Q55: Electronics | R55: =IF(TRIM(sales_dataset[[#This Row],[ProductCategory]])="", R73, PROPER(TRIM(sales_dataset[[#This Row],[ProductCategory]]))) -> Electronics | T55: TV | W55: =IF(TRIM(sales_dataset[[#This Row],[Quantity]])="",V61,PROPER(TRIM(sales_dataset[[#This Row],[Quantity]]))) -> 1 | Y55: -100 | Z55: =IF(TRIM(sales_dataset[[#This Row],[UnitPrice]])="",Y57,PROPER(TRIM(sales_dataset[[#This Row],[UnitPrice]]))) -> -100 | AC55: =IF(TRIM(sales_dataset[[#This Row],[TotalRevenue]])="",AB57,PROPER(TRIM(sales_dataset[[#This Row],[TotalRevenue]]))) -> 8000 | AD55: =ABS(sales_dataset[[#This Row],[Column5]]) -> 8000 | AE55: =sales_dataset[[#This Row],[Column17]]*sales_dataset[[#This Row],[Column16]] -> 0
C56: Online | F56: Sara | H56: Chennai | J56: NORTH | K56: =IF(TRIM(sales_dataset[[#This Row],[Region]])="", J58, PROPER(TRIM(sales_dataset[[#This Row],[Region]]))) -> North | N56: Sam | Q56: electronics | R56: =IF(TRIM(sales_dataset[[#This Row],[ProductCategory]])="", R74, PROPER(TRIM(sales_dataset[[#This Row],[ProductCategory]]))) -> Electronics | T56: Shirt | V56: 4 | W56: =IF(TRIM(sales_dataset[[#This Row],[Quantity]])="",V62,PROPER(TRIM(sales_dataset[[#This Row],[Quantity]]))) -> 4 | Y56: -100 | Z56: =IF(TRIM(sales_dataset[[#This Row],[UnitPrice]])="",Y58,PROPER(TRIM(sales_dataset[[#This Row],[UnitPrice]]))) -> -100 | AB56: -400 | AC56: =IF(TRIM(sales_dataset[[#This Row],[TotalRevenue]])="",AB58,PROPER(TRIM(sales_dataset[[#This Row],[TotalRevenue]]))) -> -400 | AD56: =ABS(sales_dataset[[#This Row],[Column5]]) -> 400 | AE56: =sales_dataset[[#This Row],[Column17]]*sales_dataset[[#This Row],[Column16]] -> 0
C57: Offline | F57: Amit | H57: Chennai | J57: South | K57: =IF(TRIM(sales_dataset[[#This Row],[Region]])="", J59, PROPER(TRIM(sales_dataset[[#This Row],[Region]]))) -> South | N57: Kevin | R57: =IF(TRIM(sales_dataset[[#This Row],[ProductCategory]])="", R75, PROPER(TRIM(sales_dataset[[#This Row],[ProductCategory]]))) -> Clothing | V57: 4 | W57: =IF(TRIM(sales_dataset[[#This Row],[Quantity]])="",V63,PROPER(TRIM(sales_dataset[[#This Row],[Quantity]]))) -> 4 | Y57: 2000 | Z57: =IF(TRIM(sales_dataset[[#This Row],[UnitPrice]])="",Y59,PROPER(TRIM(sales_dataset[[#This Row],[UnitPrice]]))) -> 2000 | AB57: 8000 | AC57: =IF(TRIM(sales_dataset[[#This Row],[TotalRevenue]])="",AB59,PROPER(TRIM(sales_dataset[[#This Row],[TotalRevenue]]))) -> 8000 | AD57: =ABS(sales_dataset[[#This Row],[Column5]]) -> 8000 | AE57: =sales_dataset[[#This Row],[Column17]]*sales_dataset[[#This Row],[Column16]] -> 0
C58: Store | F58: Amit | H58: mumbai | J58: East | K58: =IF(TRIM(sales_dataset[[#This Row],[Region]])="", J60, PROPER(TRIM(sales_dataset[[#This Row],[Region]]))) -> East | N58: Megha | Q58: Home | R58: =IF(TRIM(sales_dataset[[#This Row],[ProductCategory]])="", R76, PROPER(TRIM(sales_dataset[[#This Row],[ProductCategory]]))) -> Home | T58: shirt | V58: 4 | W58: =IF(TRIM(sales_dataset[[#This Row],[Quantity]])="",V64,PROPER(TRIM(sales_dataset[[#This Row],[Quantity]]))) -> 4 | Y58: -100 | Z58: =IF(TRIM(sales_dataset[[#This Row],[UnitPrice]])="",Y60,PROPER(TRIM(sales_dataset[[#This Row],[UnitPrice]]))) -> -100 | AB58: -400 | AC58: =IF(TRIM(sales_dataset[[#This Row],[TotalRevenue]])="",AB60,PROPER(TRIM(sales_dataset[[#This Row],[TotalRevenue]]))) -> -400 | AD58: =ABS(sales_dataset[[#This Row],[Column5]]) -> 400 | AE58: =sales_dataset[[#This Row],[Column17]]*sales_dataset[[#This Row],[Column16]] -> 0
C59: store | F59: priya | H59: Mumbai | J59: West | K59: =IF(TRIM(sales_dataset[[#This Row],[Region]])="", J61, PROPER(TRIM(sales_dataset[[#This Row],[Region]]))) -> West | R59: =IF(TRIM(sales_dataset[[#This Row],[ProductCategory]])="", R77, PROPER(TRIM(sales_dataset[[#This Row],[ProductCategory]]))) -> Electronics | T59: shirt | V59: 4 | W59: =IF(TRIM(sales_dataset[[#This Row],[Quantity]])="",V65,PROPER(TRIM(sales_dataset[[#This Row],[Quantity]]))) -> 4 | Y59: 500 | Z59: =IF(TRIM(sales_dataset[[#This Row],[UnitPrice]])="",Y61,PROPER(TRIM(sales_dataset[[#This Row],[UnitPrice]]))) -> 500 | AB59: 2000 | AC59: =IF(TRIM(sales_dataset[[#This Row],[TotalRevenue]])="",AB61,PROPER(TRIM(sales_dataset[[#This Row],[TotalRevenue]]))) -> 2000 | AD59: =ABS(sales_dataset[[#This Row],[Column5]]) -> 2000 | AE59: =sales_dataset[[#This Row],[Column17]]*sales_dataset[[#This Row],[Column16]] -> 0
C60: ONLINE | F60: David | H60: Chennai | J60: South | K60: =IF(TRIM(sales_dataset[[#This Row],[Region]])="", J62, PROPER(TRIM(sales_dataset[[#This Row],[Region]]))) -> South | N60: Sam | Q60: electronics | R60: =IF(TRIM(sales_dataset[[#This Row],[ProductCategory]])="", R78, PROPER(TRIM(sales_dataset[[#This Row],[ProductCategory]]))) -> Electronics | T60: Watch | V60: 4 | W60: =IF(TRIM(sales_dataset[[#This Row],[Quantity]])="",V66,PROPER(TRIM(sales_dataset[[#This Row],[Quantity]]))) -> 4 | Y60: 2000 | Z60: =IF(TRIM(sales_dataset[[#This Row],[UnitPrice]])="",Y62,PROPER(TRIM(sales_dataset[[#This Row],[UnitPrice]]))) -> 2000 | AB60: 8000 | AC60: =IF(TRIM(sales_dataset[[#This Row],[TotalRevenue]])="",AB62,PROPER(TRIM(sales_dataset[[#This Row],[TotalRevenue]]))) -> 8000 | AD60: =ABS(sales_dataset[[#This Row],[Column5]]) -> 8000 | AE60: =sales_dataset[[#This Row],[Column17]]*sales_dataset[[#This Row],[Column16]] -> 0
H61: mumbai | J61: East | K61: =IF(TRIM(sales_dataset[[#This Row],[Region]])="", J63, PROPER(TRIM(sales_dataset[[#This Row],[Region]]))) -> East | N61: Kevin | Q61: electronics | R61: =IF(TRIM(sales_dataset[[#This Row],[ProductCategory]])="", R79, PROPER(TRIM(sales_dataset[[#This Row],[ProductCategory]]))) -> Electronics | T61: Sofa | V61: 1 | W61: =IF(TRIM(sales_dataset[[#This Row],[Quantity]])="",V67,PROPER(TRIM(sales_dataset[[#This Row],[Quantity]]))) -> 1 | Z61: =IF(TRIM(sales_dataset[[#This Row],[UnitPrice]])="",Y63,PROPER(TRIM(sales_dataset[[#This Row],[UnitPrice]]))) -> 0 | AC61: =IF(TRIM(sales_dataset[[#This Row],[TotalRevenue]])="",AB63,PROPER(TRIM(sales_dataset[[#This Row],[TotalRevenue]]))) -> 0 | AD61: =ABS(sales_dataset[[#This Row],[Column5]]) -> 0 | AE61: =sales_dataset[[#This Row],[Column17]]*sales_dataset[[#This Row],[Column16]] -> 0
C62: Online | F62: John | H62: Chennai | K62: =IF(TRIM(sales_dataset[[#This Row],[Region]])="", J64, PROPER(TRIM(sales_dataset[[#This Row],[Region]]))) -> West | N62: Sam | Q62: electronics | R62: =IF(TRIM(sales_dataset[[#This Row],[ProductCategory]])="", R80, PROPER(TRIM(sales_dataset[[#This Row],[ProductCategory]]))) -> Electronics | T62: Laptop | V62: 1 | W62: =IF(TRIM(sales_dataset[[#This Row],[Quantity]])="",V68,PROPER(TRIM(sales_dataset[[#This Row],[Quantity]]))) -> 1 | Y62: 2500 | Z62: =IF(TRIM(sales_dataset[[#This Row],[UnitPrice]])="",Y64,PROPER(TRIM(sales_dataset[[#This Row],[UnitPrice]]))) -> 2500 | AB62: 2500 | AC62: =IF(TRIM(sales_dataset[[#This Row],[TotalRevenue]])="",AB64,PROPER(TRIM(sales_dataset[[#This Row],[TotalRevenue]]))) -> 2500 | AD62: =ABS(sales_dataset[[#This Row],[Column5]]) -> 2500 | AE62: =sales_dataset[[#This Row],[Column17]]*sales_dataset[[#This Row],[Column16]] -> 0
C63: Offline | F63: priya | H63: Mumbai | J63: NORTH | K63: =IF(TRIM(sales_dataset[[#This Row],[Region]])="", J65, PROPER(TRIM(sales_dataset[[#This Row],[Region]]))) -> North | N63: Sam | Q63: Electronics | R63: =IF(TRIM(sales_dataset[[#This Row],[ProductCategory]])="", R81, PROPER(TRIM(sales_dataset[[#This Row],[ProductCategory]]))) -> Electronics | T63: TV | V63: 5 | W63: =IF(TRIM(sales_dataset[[#This Row],[Quantity]])="",V69,PROPER(TRIM(sales_dataset[[#This Row],[Quantity]]))) -> 5 | Z63: =IF(TRIM(sales_dataset[[#This Row],[UnitPrice]])="",Y65,PROPER(TRIM(sales_dataset[[#This Row],[UnitPrice]]))) -> -100 | AC63: =IF(TRIM(sales_dataset[[#This Row],[TotalRevenue]])="",AB65,PROPER(TRIM(sales_dataset[[#This Row],[TotalRevenue]]))) -> 0 | AD63: =ABS(sales_dataset[[#This Row],[Column5]]) -> 0 | AE63: =sales_dataset[[#This Row],[Column17]]*sales_dataset[[#This Row],[Column16]] -> 0
C64: Store | F64: John | H64: Mumbai | J64: West | K64: =IF(TRIM(sales_dataset[[#This Row],[Region]])="", J66, PROPER(TRIM(sales_dataset[[#This Row],[Region]]))) -> West | R64: =IF(TRIM(sales_dataset[[#This Row],[ProductCategory]])="", R82, PROPER(TRIM(sales_dataset[[#This Row],[ProductCategory]]))) -> Clothing | T64: TV | V64: 2 | W64: =IF(TRIM(sales_dataset[[#This Row],[Quantity]])="",V70,PROPER(TRIM(sales_dataset[[#This Row],[Quantity]]))) -> 2 | Z64: =IF(TRIM(sales_dataset[[#This Row],[UnitPrice]])="",Y66,PROPER(TRIM(sales_dataset[[#This Row],[UnitPrice]]))) -> -100 | AC64: =IF(TRIM(sales_dataset[[#This Row],[TotalRevenue]])="",AB66,PROPER(TRIM(sales_dataset[[#This Row],[TotalRevenue]]))) -> -300 | AD64: =ABS(sales_dataset[[#This Row],[Column5]]) -> 300 | AE64: =sales_dataset[[#This Row],[Column17]]*sales_dataset[[#This Row],[Column16]] -> 0
C65: store | F65: Priya | H65: Bengaluru | J65: West | K65: =IF(TRIM(sales_dataset[[#This Row],[Region]])="", J67, PROPER(TRIM(sales_dataset[[#This Row],[Region]]))) -> West | N65: Kevin | R65: =IF(TRIM(sales_dataset[[#This Row],[ProductCategory]])="", R83, PROPER(TRIM(sales_dataset[[#This Row],[ProductCategory]]))) -> Electronics | T65: Laptop | W65: =IF(TRIM(sales_dataset[[#This Row],[Quantity]])="",V71,PROPER(TRIM(sales_dataset[[#This Row],[Quantity]]))) -> 5 | Y65: -100 | Z65: =IF(TRIM(sales_dataset[[#This Row],[UnitPrice]])="",Y67,PROPER(TRIM(sales_dataset[[#This Row],[UnitPrice]]))) -> -100 | AC65: =IF(TRIM(sales_dataset[[#This Row],[TotalRevenue]])="",AB67,PROPER(TRIM(sales_dataset[[#This Row],[TotalRevenue]]))) -> 2500 | AD65: =ABS(sales_dataset[[#This Row],[Column5]]) -> 2500 | AE65: =sales_dataset[[#This Row],[Column17]]*sales_dataset[[#This Row],[Column16]] -> 0
C66: ONLINE | F66: David | H66: Hyderabad | J66: East | K66: =IF(TRIM(sales_dataset[[#This Row],[Region]])="", J68, PROPER(TRIM(sales_dataset[[#This Row],[Region]]))) -> East | N66: Megha | R66: =IF(TRIM(sales_dataset[[#This Row],[ProductCategory]])="", R84, PROPER(TRIM(sales_dataset[[#This Row],[ProductCategory]]))) -> Clothing | T66: Laptop | V66: 3 | W66: =IF(TRIM(sales_dataset[[#This Row],[Quantity]])="",V72,PROPER(TRIM(sales_dataset[[#This Row],[Quantity]]))) -> 3 | Y66: -100 | Z66: =IF(TRIM(sales_dataset[[#This Row],[UnitPrice]])="",Y68,PROPER(TRIM(sales_dataset[[#This Row],[UnitPrice]]))) -> -100 | AB66: -300 | AC66: =IF(TRIM(sales_dataset[[#This Row],[TotalRevenue]])="",AB68,PROPER(TRIM(sales_dataset[[#This Row],[TotalRevenue]]))) -> -300 | AD66: =ABS(sales_dataset[[#This Row],[Column5]]) -> 300 | AE66: =sales_dataset[[#This Row],[Column17]]*sales_dataset[[#This Row],[Column16]] -> 0
F67: Amit | H67: Delhi | J67: West | K67: =IF(TRIM(sales_dataset[[#This Row],[Region]])="", J69, PROPER(TRIM(sales_dataset[[#This Row],[Region]]))) -> West | N67: Kevin | Q67: Clothing | R67: =IF(TRIM(sales_dataset[[#This Row],[ProductCategory]])="", R85, PROPER(TRIM(sales_dataset[[#This Row],[ProductCategory]]))) -> Clothing | T67: shirt | V67: 1 | W67: =IF(TRIM(sales_dataset[[#This Row],[Quantity]])="",V73,PROPER(TRIM(sales_dataset[[#This Row],[Quantity]]))) -> 1 | Y67: 2500 | Z67: =IF(TRIM(sales_dataset[[#This Row],[UnitPrice]])="",Y69,PROPER(TRIM(sales_dataset[[#This Row],[UnitPrice]]))) -> 2500 | AB67: 2500 | AC67: =IF(TRIM(sales_dataset[[#This Row],[TotalRevenue]])="",AB69,PROPER(TRIM(sales_dataset[[#This Row],[TotalRevenue]]))) -> 2500 | AD67: =ABS(sales_dataset[[#This Row],[Column5]]) -> 2500 | AE67: =sales_dataset[[#This Row],[Column17]]*sales_dataset[[#This Row],[Column16]] -> 0
C68: Online | F68: David | H68: Mumbai | J68: NORTH | K68: =IF(TRIM(sales_dataset[[#This Row],[Region]])="", J70, PROPER(TRIM(sales_dataset[[#This Row],[Region]]))) -> North | N68: Megha | Q68: Home | R68: =IF(TRIM(sales_dataset[[#This Row],[ProductCategory]])="", R86, PROPER(TRIM(sales_dataset[[#This Row],[ProductCategory]]))) -> Home | T68: Shirt | V68: 3 | W68: =IF(TRIM(sales_dataset[[#This Row],[Quantity]])="",V74,PROPER(TRIM(sales_dataset[[#This Row],[Quantity]]))) -> 3 | Y68: -100 | Z68: =IF(TRIM(sales_dataset[[#This Row],[UnitPrice]])="",Y70,PROPER(TRIM(sales_dataset[[#This Row],[UnitPrice]]))) -> -100 | AB68: -300 | AC68: =IF(TRIM(sales_dataset[[#This Row],[TotalRevenue]])="",AB70,PROPER(TRIM(sales_dataset[[#This Row],[TotalRevenue]]))) -> -300 | AD68: =ABS(sales_dataset[[#This Row],[Column5]]) -> 300 | AE68: =sales_dataset[[#This Row],[Column17]]*sales_dataset[[#This Row],[Column16]] -> 0
C69: Offline | F69: Sara | H69: Delhi | J69: NORTH | K69: =IF(TRIM(sales_dataset[[#This Row],[Region]])="", J71, PROPER(TRIM(sales_dataset[[#This Row],[Region]]))) -> North | Q69: Electronics | R69: =IF(TRIM(sales_dataset[[#This Row],[ProductCategory]])="", R87, PROPER(TRIM(sales_dataset[[#This Row],[ProductCategory]]))) -> Electronics | T69: TV | V69: -1 | W69: =IF(TRIM(sales_dataset[[#This Row],[Quantity]])="",V75,PROPER(TRIM(sales_dataset[[#This Row],[Quantity]]))) -> -1 | Y69: -100 | Z69: =IF(TRIM(sales_dataset[[#This Row],[UnitPrice]])="",Y71,PROPER(TRIM(sales_dataset[[#This Row],[UnitPrice]]))) -> -100 | AB69: 100 | AC69: =IF(TRIM(sales_dataset[[#This Row],[TotalRevenue]])="",AB71,PROPER(TRIM(sales_dataset[[#This Row],[TotalRevenue]]))) -> 100 | AD69: =ABS(sales_dataset[[#This Row],[Column5]]) -> 100 | AE69: =sales_dataset[[#This Row],[Column17]]*sales_dataset[[#This Row],[Column16]] -> 0
C70: Store | F70: Amit | H70: Bengaluru | J70: West | K70: =IF(TRIM(sales_dataset[[#This Row],[Region]])="", J72, PROPER(TRIM(sales_dataset[[#This Row],[Region]]))) -> West | N70: Sam | Q70: Home | R70: =IF(TRIM(sales_dataset[[#This Row],[ProductCategory]])="", R88, PROPER(TRIM(sales_dataset[[#This Row],[ProductCategory]]))) -> Home | T70: Sofa | V70: -1 | W70: =IF(TRIM(sales_dataset[[#This Row],[Quantity]])="",V76,PROPER(TRIM(sales_dataset[[#This Row],[Quantity]]))) -> -1 | Z70: =IF(TRIM(sales_dataset[[#This Row],[UnitPrice]])="",Y72,PROPER(TRIM(sales_dataset[[#This Row],[UnitPrice]]))) -> 2500 | AC70: =IF(TRIM(sales_dataset[[#This Row],[TotalRevenue]])="",AB72,PROPER(TRIM(sales_dataset[[#This Row],[TotalRevenue]]))) -> 2500 | AD70: =ABS(sales_dataset[[#This Row],[Column5]]) -> 2500 | AE70: =sales_dataset[[#This Row],[Column17]]*sales_dataset[[#This Row],[Column16]] -> 0
C71: store | F71: John | H71: Hyderabad | J71: South | K71: =IF(TRIM(sales_dataset[[#This Row],[Region]])="", J73, PROPER(TRIM(sales_dataset[[#This Row],[Region]]))) -> South | N71: Megha | Q71: Electronics | R71: =IF(TRIM(sales_dataset[[#This Row],[ProductCategory]])="", R89, PROPER(TRIM(sales_dataset[[#This Row],[ProductCategory]]))) -> Electronics | V71: 5 | W71: =IF(TRIM(sales_dataset[[#This Row],[Quantity]])="",V77,PROPER(TRIM(sales_dataset[[#This Row],[Quantity]]))) -> 5 | Y71: 2000 | Z71: =IF(TRIM(sales_dataset[[#This Row],[UnitPrice]])="",Y73,PROPER(TRIM(sales_dataset[[#This Row],[UnitPrice]]))) -> 2000 | AB71: 5000 | AC71: =IF(TRIM(sales_dataset[[#This Row],[TotalRevenue]])="",AB73,PROPER(TRIM(sales_dataset[[#This Row],[TotalRevenue]]))) -> 5000 | AD71: =ABS(sales_dataset[[#This Row],[Column5]]) -> 5000 | AE71: =sales_dataset[[#This Row],[Column17]]*sales_dataset[[#This Row],[Column16]] -> 0
C72: ONLINE | H72: mumbai | J72: South | K72: =IF(TRIM(sales_dataset[[#This Row],[Region]])="", J74, PROPER(TRIM(sales_dataset[[#This Row],[Region]]))) -> South | N72: Anita | R72: =IF(TRIM(sales_dataset[[#This Row],[ProductCategory]])="", R90, PROPER(TRIM(sales_dataset[[#This Row],[ProductCategory]]))) -> Electronics | T72: TV | V72: 2 | W72: =IF(TRIM(sales_dataset[[#This Row],[Quantity]])="",V78,PROPER(TRIM(sales_dataset[[#This Row],[Quantity]]))) -> 2 | Y72: 2500 | Z72: =IF(TRIM(sales_dataset[[#This Row],[UnitPrice]])="",Y74,PROPER(TRIM(sales_dataset[[#This Row],[UnitPrice]]))) -> 2500 | AB72: 2500 | AC72: =IF(TRIM(sales_dataset[[#This Row],[TotalRevenue]])="",AB74,PROPER(TRIM(sales_dataset[[#This Row],[TotalRevenue]]))) -> 2500 | AD72: =ABS(sales_dataset[[#This Row],[Column5]]) -> 2500 | AE72: =sales_dataset[[#This Row],[Column17]]*sales_dataset[[#This Row],[Column16]] -> 0
F73: Amit | H73: Hyderabad | J73: NORTH | K73: =IF(TRIM(sales_dataset[[#This Row],[Region]])="", J75, PROPER(TRIM(sales_dataset[[#This Row],[Region]]))) -> North | N73: Kevin | Q73: Clothing | R73: =IF(TRIM(sales_dataset[[#This Row],[ProductCategory]])="", R91, PROPER(TRIM(sales_dataset[[#This Row],[ProductCategory]]))) -> Clothing | T73: Shirt | V73: 1 | W73: =IF(TRIM(sales_dataset[[#This Row],[Quantity]])="",V79,PROPER(TRIM(sales_dataset[[#This Row],[Quantity]]))) -> 1 | Y73: 500 | Z73: =IF(TRIM(sales_dataset[[#This Row],[UnitPrice]])="",Y75,PROPER(TRIM(sales_dataset[[#This Row],[UnitPrice]]))) -> 500 | AB73: 500 | AC73: =IF(TRIM(sales_dataset[[#This Row],[TotalRevenue]])="",AB75,PROPER(TRIM(sales_dataset[[#This Row],[TotalRevenue]]))) -> 500 | AD73: =ABS(sales_dataset[[#This Row],[Column5]]) -> 500 | AE73: =sales_dataset[[#This Row],[Column17]]*sales_dataset[[#This Row],[Column16]] -> 0
C74: Online | F74: Sara | H74: Hyderabad | J74: South | K74: =IF(TRIM(sales_dataset[[#This Row],[Region]])="", J76, PROPER(TRIM(sales_dataset[[#This Row],[Region]]))) -> South | N74: Kevin | Q74: Clothing | R74: =IF(TRIM(sales_dataset[[#This Row],[ProductCategory]])="", R92, PROPER(TRIM(sales_dataset[[#This Row],[ProductCategory]]))) -> Clothing | W74: =IF(TRIM(sales_dataset[[#This Row],[Quantity]])="",V80,PROPER(TRIM(sales_dataset[[#This Row],[Quantity]]))) -> 0 | Z74: =IF(TRIM(sales_dataset[[#This Row],[UnitPrice]])="",Y76,PROPER(TRIM(sales_dataset[[#This Row],[UnitPrice]]))) -> 500 | AC74: =IF(TRIM(sales_dataset[[#This Row],[TotalRevenue]])="",AB76,PROPER(TRIM(sales_dataset[[#This Row],[TotalRevenue]]))) -> 0 | AD74: =ABS(sales_dataset[[#This Row],[Column5]]) -> 0 | AE74: =sales_dataset[[#This Row],[Column17]]*sales_dataset[[#This Row],[Column16]] -> 0
C75: Offline | F75: Amit | H75: mumbai | J75: East | K75: =IF(TRIM(sales_dataset[[#This Row],[Region]])="", J77, PROPER(TRIM(sales_dataset[[#This Row],[Region]]))) -> East | N75: Raj | R75: =IF(TRIM(sales_dataset[[#This Row],[ProductCategory]])="", R93, PROPER(TRIM(sales_dataset[[#This Row],[ProductCategory]]))) -> Clothing | T75: Sofa | V75: 1 | W75: =IF(TRIM(sales_dataset[[#This Row],[Quantity]])="",V81,PROPER(TRIM(sales_dataset[[#This Row],[Quantity]]))) -> 1 | Y75: 500 | Z75: =IF(TRIM(sales_dataset[[#This Row],[UnitPrice]])="",Y77,PROPER(TRIM(sales_dataset[[#This Row],[UnitPrice]]))) -> 500 | AB75: 500 | AC75: =IF(TRIM(sales_dataset[[#This Row],[TotalRevenue]])="",AB77,PROPER(TRIM(sales_dataset[[#This Row],[TotalRevenue]]))) -> 500 | AD75: =ABS(sales_dataset[[#This Row],[Column5]]) -> 500 | AE75: =sales_dataset[[#This Row],[Column17]]*sales_dataset[[#This Row],[Column16]] -> 0
C76: Store | F76: priya | H76: Bengaluru | J76: North | K76: =IF(TRIM(sales_dataset[[#This Row],[Region]])="", J78, PROPER(TRIM(sales_dataset[[#This Row],[Region]]))) -> North | N76: Sam | Q76: Home | R76: =IF(TRIM(sales_dataset[[#This Row],[ProductCategory]])="", R94, PROPER(TRIM(sales_dataset[[#This Row],[ProductCategory]]))) -> Home | T76: Sofa | W76: =IF(TRIM(sales_dataset[[#This Row],[Quantity]])="",V82,PROPER(TRIM(sales_dataset[[#This Row],[Quantity]]))) -> 3 | Y76: 500 | Z76: =IF(TRIM(sales_dataset[[#This Row],[UnitPrice]])="",Y78,PROPER(TRIM(sales_dataset[[#This Row],[UnitPrice]]))) -> 500 | AC76: =IF(TRIM(sales_dataset[[#This Row],[TotalRevenue]])="",AB78,PROPER(TRIM(sales_dataset[[#This Row],[TotalRevenue]]))) -> 3000 | AD76: =ABS(sales_dataset[[#This Row],[Column5]]) -> 3000 | AE76: =sales_dataset[[#This Row],[Column17]]*sales_dataset[[#This Row],[Column16]] -> 0
C77: store | H77: Chennai | K77: =IF(TRIM(sales_dataset[[#This Row],[Region]])="", J79, PROPER(TRIM(sales_dataset[[#This Row],[Region]]))) -> East | N77: Sam | Q77: electronics | R77: =IF(TRIM(sales_dataset[[#This Row],[ProductCategory]])="", R95, PROPER(TRIM(sales_dataset[[#This Row],[ProductCategory]]))) -> Electronics | T77: Sofa | W77: =IF(TRIM(sales_dataset[[#This Row],[Quantity]])="",V83,PROPER(TRIM(sales_dataset[[#This Row],[Quantity]]))) -> 2 | Y77: 2500 | Z77: =IF(TRIM(sales_dataset[[#This Row],[UnitPrice]])="",Y79,PROPER(TRIM(sales_dataset[[#This Row],[UnitPrice]]))) -> 2500 | AC77: =IF(TRIM(sales_dataset[[#This Row],[TotalRevenue]])="",AB79,PROPER(TRIM(sales_dataset[[#This Row],[TotalRevenue]]))) -> 500 | AD77: =ABS(sales_dataset[[#This Row],[Column5]]) -> 500 | AE77: =sales_dataset[[#This Row],[Column17]]*sales_dataset[[#This Row],[Column16]] -> 0
C78: ONLINE | F78: John | H78: Hyderabad | J78: West | K78: =IF(TRIM(sales_dataset[[#This Row],[Region]])="", J80, PROPER(TRIM(sales_dataset[[#This Row],[Region]]))) -> West | R78: =IF(TRIM(sales_dataset[[#This Row],[ProductCategory]])="", R96, PROPER(TRIM(sales_dataset[[#This Row],[ProductCategory]]))) -> Clothing | T78: shirt | V78: 2 | W78: =IF(TRIM(sales_dataset[[#This Row],[Quantity]])="",V84,PROPER(TRIM(sales_dataset[[#This Row],[Quantity]]))) -> 2 | Y78: 1500 | Z78: =IF(TRIM(sales_dataset[[#This Row],[UnitPrice]])="",Y80,PROPER(TRIM(sales_dataset[[#This Row],[UnitPrice]]))) -> 1500 | AB78: 3000 | AC78: =IF(TRIM(sales_dataset[[#This Row],[TotalRevenue]])="",AB80,PROPER(TRIM(sales_dataset[[#This Row],[TotalRevenue]]))) -> 3000 | AD78: =ABS(sales_dataset[[#This Row],[Column5]]) -> 3000 | AE78: =sales_dataset[[#This Row],[Column17]]*sales_dataset[[#This Row],[Column16]] -> 0
F79: Sara | H79: Hyderabad | J79: East | K79: =IF(TRIM(sales_dataset[[#This Row],[Region]])="", J81, PROPER(TRIM(sales_dataset[[#This Row],[Region]]))) -> East | N79: Megha | Q79: Electronics | R79: =IF(TRIM(sales_dataset[[#This Row],[ProductCategory]])="", R97, PROPER(TRIM(sales_dataset[[#This Row],[ProductCategory]]))) -> Electronics | T79: Shirt | V79: 2 | W79: =IF(TRIM(sales_dataset[[#This Row],[Quantity]])="",V85,PROPER(TRIM(sales_dataset[[#This Row],[Quantity]]))) -> 2 | Y79: 500 | Z79: =IF(TRIM(sales_dataset[[#This Row],[UnitPrice]])="",Y81,PROPER(TRIM(sales_dataset[[#This Row],[UnitPrice]]))) -> 500 | AB79: 500 | AC79: =IF(TRIM(sales_dataset[[#This Row],[TotalRevenue]])="",AB81,PROPER(TRIM(sales_dataset[[#This Row],[TotalRevenue]]))) -> 500 | AD79: =ABS(sales_dataset[[#This Row],[Column5]]) -> 500 | AE79: =sales_dataset[[#This Row],[Column17]]*sales_dataset[[#This Row],[Column16]] -> 0
C80: Online | F80: priya | H80: Bengaluru | J80: NORTH | K80: =IF(TRIM(sales_dataset[[#This Row],[Region]])="", J82, PROPER(TRIM(sales_dataset[[#This Row],[Region]]))) -> North | Q80: Home | R80: =IF(TRIM(sales_dataset[[#This Row],[ProductCategory]])="", R98, PROPER(TRIM(sales_dataset[[#This Row],[ProductCategory]]))) -> Home | T80: TV | W80: =IF(TRIM(sales_dataset[[#This Row],[Quantity]])="",V86,PROPER(TRIM(sales_dataset[[#This Row],[Quantity]]))) -> 5 | Y80: -100 | Z80: =IF(TRIM(sales_dataset[[#This Row],[UnitPrice]])="",Y82,PROPER(TRIM(sales_dataset[[#This Row],[UnitPrice]]))) -> -100 | AC80: =IF(TRIM(sales_dataset[[#This Row],[TotalRevenue]])="",AB82,PROPER(TRIM(sales_dataset[[#This Row],[TotalRevenue]]))) -> 2250 | AD80: =ABS(sales_dataset[[#This Row],[Column5]]) -> 2250 | AE80: =sales_dataset[[#This Row],[Column17]]*sales_dataset[[#This Row],[Column16]] -> 0
C81: Offline | F81: Priya | H81: Chennai | J81: North | K81: =IF(TRIM(sales_dataset[[#This Row],[Region]])="", J83, PROPER(TRIM(sales_dataset[[#This Row],[Region]]))) -> North | Q81: electronics | R81: =IF(TRIM(sales_dataset[[#This Row],[ProductCategory]])="", R99, PROPER(TRIM(sales_dataset[[#This Row],[ProductCategory]]))) -> Electronics | T81: shirt | V81: 3 | W81: =IF(TRIM(sales_dataset[[#This Row],[Quantity]])="",V87,PROPER(TRIM(sales_dataset[[#This Row],[Quantity]]))) -> 3 | Y81: 500 | Z81: =IF(TRIM(sales_dataset[[#This Row],[UnitPrice]])="",Y83,PROPER(TRIM(sales_dataset[[#This Row],[UnitPrice]]))) -> 500 | AB81: 1500 | AC81: =IF(TRIM(sales_dataset[[#This Row],[TotalRevenue]])="",AB83,PROPER(TRIM(sales_dataset[[#This Row],[TotalRevenue]]))) -> 1500 | AD81: =ABS(sales_dataset[[#This Row],[Column5]]) -> 1500 | AE81: =sales_dataset[[#This Row],[Column17]]*sales_dataset[[#This Row],[Column16]] -> 0
C82: Store | F82: David | H82: Hyderabad | K82: =IF(TRIM(sales_dataset[[#This Row],[Region]])="", J84, PROPER(TRIM(sales_dataset[[#This Row],[Region]]))) -> North | N82: Anita | Q82: Clothing | R82: =IF(TRIM(sales_dataset[[#This Row],[ProductCategory]])="", R100, PROPER(TRIM(sales_dataset[[#This Row],[ProductCategory]]))) -> Clothing | T82: Watch | V82: 3 | W82: =IF(TRIM(sales_dataset[[#This Row],[Quantity]])="",V88,PROPER(TRIM(sales_dataset[[#This Row],[Quantity]]))) -> 3 | Y82: 1500 | Z82: =IF(TRIM(sales_dataset[[#This Row],[UnitPrice]])="",Y84,PROPER(TRIM(sales_dataset[[#This Row],[UnitPrice]]))) -> 1500 | AB82: 2250 | AC82: =IF(TRIM(sales_dataset[[#This Row],[TotalRevenue]])="",AB84,PROPER(TRIM(sales_dataset[[#This Row],[TotalRevenue]]))) -> 2250 | AD82: =ABS(sales_dataset[[#This Row],[Column5]]) -> 2250 | AE82: =sales_dataset[[#This Row],[Column17]]*sales_dataset[[#This Row],[Column16]] -> 0
C83: store | F83: priya | H83: Hyderabad | J83: NORTH | K83: =IF(TRIM(sales_dataset[[#This Row],[Region]])="", J85, PROPER(TRIM(sales_dataset[[#This Row],[Region]]))) -> North | N83: Sam | Q83: Electronics | R83: =IF(TRIM(sales_dataset[[#This Row],[ProductCategory]])="", R101, PROPER(TRIM(sales_dataset[[#This Row],[ProductCategory]]))) -> Electronics | T83: Sofa | V83: 2 | W83: =IF(TRIM(sales_dataset[[#This Row],[Quantity]])="",V89,PROPER(TRIM(sales_dataset[[#This Row],[Quantity]]))) -> 2 | Y83: 2000 | Z83: =IF(TRIM(sales_dataset[[#This Row],[UnitPrice]])="",Y85,PROPER(TRIM(sales_dataset[[#This Row],[UnitPrice]]))) -> 2000 | AB83: 4000 | AC83: =IF(TRIM(sales_dataset[[#This Row],[TotalRevenue]])="",AB85,PROPER(TRIM(sales_dataset[[#This Row],[TotalRevenue]]))) -> 4000 | AD83: =ABS(sales_dataset[[#This Row],[Column5]]) -> 4000 | AE83: =sales_dataset[[#This Row],[Column17]]*sales_dataset[[#This Row],[Column16]] -> 0
C84: ONLINE | F84: Priya | H84: Chennai | J84: North | K84: =IF(TRIM(sales_dataset[[#This Row],[Region]])="", J86, PROPER(TRIM(sales_dataset[[#This Row],[Region]]))) -> North | N84: Anita | Q84: Clothing | R84: =IF(TRIM(sales_dataset[[#This Row],[ProductCategory]])="", R102, PROPER(TRIM(sales_dataset[[#This Row],[ProductCategory]]))) -> Clothing | T84: Laptop | V84: 1 | W84: =IF(TRIM(sales_dataset[[#This Row],[Quantity]])="",V90,PROPER(TRIM(sales_dataset[[#This Row],[Quantity]]))) -> 1 | Y84: 1500 | Z84: =IF(TRIM(sales_dataset[[#This Row],[UnitPrice]])="",Y86,PROPER(TRIM(sales_dataset[[#This Row],[UnitPrice]]))) -> 1500 | AB84: 1500 | AC84: =IF(TRIM(sales_dataset[[#This Row],[TotalRevenue]])="",AB86,PROPER(TRIM(sales_dataset[[#This Row],[TotalRevenue]]))) -> 1500 | AD84: =ABS(sales_dataset[[#This Row],[Column5]]) -> 1500 | AE84: =sales_dataset[[#This Row],[Column17]]*sales_dataset[[#This Row],[Column16]] -> 0
F85: Sara | H85: Mumbai | J85: East | K85: =IF(TRIM(sales_dataset[[#This Row],[Region]])="", J87, PROPER(TRIM(sales_dataset[[#This Row],[Region]]))) -> East | N85: Raj | Q85: Electronics | R85: =IF(TRIM(sales_dataset[[#This Row],[ProductCategory]])="", R103, PROPER(TRIM(sales_dataset[[#This Row],[ProductCategory]]))) -> Electronics | T85: Shirt | V85: 4 | W85: =IF(TRIM(sales_dataset[[#This Row],[Quantity]])="",V91,PROPER(TRIM(sales_dataset[[#This Row],[Quantity]]))) -> 4 | Y85: 2000 | Z85: =IF(TRIM(sales_dataset[[#This Row],[UnitPrice]])="",Y87,PROPER(TRIM(sales_dataset[[#This Row],[UnitPrice]]))) -> 2000 | AB85: 8000 | AC85: =IF(TRIM(sales_dataset[[#This Row],[TotalRevenue]])="",AB87,PROPER(TRIM(sales_dataset[[#This Row],[TotalRevenue]]))) -> 8000 | AD85: =ABS(sales_dataset[[#This Row],[Column5]]) -> 8000 | AE85: =sales_dataset[[#This Row],[Column17]]*sales_dataset[[#This Row],[Column16]] -> 0
C86: Online | J86: North | K86: =IF(TRIM(sales_dataset[[#This Row],[Region]])="", J88, PROPER(TRIM(sales_dataset[[#This Row],[Region]]))) -> North | N86: Kevin | Q86: electronics | R86: =IF(TRIM(sales_dataset[[#This Row],[ProductCategory]])="", R104, PROPER(TRIM(sales_dataset[[#This Row],[ProductCategory]]))) -> Electronics | T86: Sofa | V86: 5 | W86: =IF(TRIM(sales_dataset[[#This Row],[Quantity]])="",V92,PROPER(TRIM(sales_dataset[[#This Row],[Quantity]]))) -> 5 | Y86: -100 | Z86: =IF(TRIM(sales_dataset[[#This Row],[UnitPrice]])="",Y88,PROPER(TRIM(sales_dataset[[#This Row],[UnitPrice]]))) -> -100 | AB86: -500 | AC86: =IF(TRIM(sales_dataset[[#This Row],[TotalRevenue]])="",AB88,PROPER(TRIM(sales_dataset[[#This Row],[TotalRevenue]]))) -> -500 | AD86: =ABS(sales_dataset[[#This Row],[Column5]]) -> 500 | AE86: =sales_dataset[[#This Row],[Column17]]*sales_dataset[[#This Row],[Column16]] -> 0
C87: Offline | F87: Sara | H87: mumbai | J87: South | K87: =IF(TRIM(sales_dataset[[#This Row],[Region]])="", J89, PROPER(TRIM(sales_dataset[[#This Row],[Region]]))) -> South | Q87: Electronics | R87: =IF(TRIM(sales_dataset[[#This Row],[ProductCategory]])="", R105, PROPER(TRIM(sales_dataset[[#This Row],[ProductCategory]]))) -> Electronics | T87: Shirt | V87: 5 | W87: =IF(TRIM(sales_dataset[[#This Row],[Quantity]])="",V93,PROPER(TRIM(sales_dataset[[#This Row],[Quantity]]))) -> 5 | Y87: 2000 | Z87: =IF(TRIM(sales_dataset[[#This Row],[UnitPrice]])="",Y89,PROPER(TRIM(sales_dataset[[#This Row],[UnitPrice]]))) -> 2000 | AB87: 10000 | AC87: =IF(TRIM(sales_dataset[[#This Row],[TotalRevenue]])="",AB89,PROPER(TRIM(sales_dataset[[#This Row],[TotalRevenue]]))) -> 10000 | AD87: =ABS(sales_dataset[[#This Row],[Column5]]) -> 10000 | AE87: =sales_dataset[[#This Row],[Column17]]*sales_dataset[[#This Row],[Column16]] -> 0
C88: Store | F88: Sara | H88: Mumbai | J88: East | K88: =IF(TRIM(sales_dataset[[#This Row],[Region]])="", J90, PROPER(TRIM(sales_dataset[[#This Row],[Region]]))) -> East | Q88: electronics | R88: =IF(TRIM(sales_dataset[[#This Row],[ProductCategory]])="", R106, PROPER(TRIM(sales_dataset[[#This Row],[ProductCategory]]))) -> Electronics | T88: Laptop | V88: 3 | W88: =IF(TRIM(sales_dataset[[#This Row],[Quantity]])="",V94,PROPER(TRIM(sales_dataset[[#This Row],[Quantity]]))) -> 3 | Y88: 1500 | Z88: =IF(TRIM(sales_dataset[[#This Row],[UnitPrice]])="",Y90,PROPER(TRIM(sales_dataset[[#This Row],[UnitPrice]]))) -> 1500 | AB88: 2250 | AC88: =IF(TRIM(sales_dataset[[#This Row],[TotalRevenue]])="",AB90,PROPER(TRIM(sales_dataset[[#This Row],[TotalRevenue]]))) -> 2250 | AD88: =ABS(sales_dataset[[#This Row],[Column5]]) -> 2250 | AE88: =sales_dataset[[#This Row],[Column17]]*sales_dataset[[#This Row],[Column16]] -> 0
C89: store | F89: John | J89: West | K89: =IF(TRIM(sales_dataset[[#This Row],[Region]])="", J91, PROPER(TRIM(sales_dataset[[#This Row],[Region]]))) -> West | N89: Anita | R89: =IF(TRIM(sales_dataset[[#This Row],[ProductCategory]])="", R107, PROPER(TRIM(sales_dataset[[#This Row],[ProductCategory]]))) -> Home | T89: Sofa | V89: 2 | W89: =IF(TRIM(sales_dataset[[#This Row],[Quantity]])="",V95,PROPER(TRIM(sales_dataset[[#This Row],[Quantity]]))) -> 2 | Y89: 500 | Z89: =IF(TRIM(sales_dataset[[#This Row],[UnitPrice]])="",Y91,PROPER(TRIM(sales_dataset[[#This Row],[UnitPrice]]))) -> 500 | AB89: 1000 | AC89: =IF(TRIM(sales_dataset[[#This Row],[TotalRevenue]])="",AB91,PROPER(TRIM(sales_dataset[[#This Row],[TotalRevenue]]))) -> 1000 | AD89: =ABS(sales_dataset[[#This Row],[Column5]]) -> 1000 | AE89: =sales_dataset[[#This Row],[Column17]]*sales_dataset[[#This Row],[Column16]] -> 0
C90: ONLINE | F90: Sara | H90: mumbai | J90: NORTH | K90: =IF(TRIM(sales_dataset[[#This Row],[Region]])="", J92, PROPER(TRIM(sales_dataset[[#This Row],[Region]]))) -> North | N90: Sam | R90: =IF(TRIM(sales_dataset[[#This Row],[ProductCategory]])="", R108, PROPER(TRIM(sales_dataset[[#This Row],[ProductCategory]]))) -> Electronics | T90: TV | V90: 1 | W90: =IF(TRIM(sales_dataset[[#This Row],[Quantity]])="",V96,PROPER(TRIM(sales_dataset[[#This Row],[Quantity]]))) -> 1 | Y90: -100 | Z90: =IF(TRIM(sales_dataset[[#This Row],[UnitPrice]])="",Y92,PROPER(TRIM(sales_dataset[[#This Row],[UnitPrice]]))) -> -100 | AB90: -100 | AC90: =IF(TRIM(sales_dataset[[#This Row],[TotalRevenue]])="",AB92,PROPER(TRIM(sales_dataset[[#This Row],[TotalRevenue]]))) -> -100 | AD90: =ABS(sales_dataset[[#This Row],[Column5]]) -> 100 | AE90: =sales_dataset[[#This Row],[Column17]]*sales_dataset[[#This Row],[Column16]] -> 0
F91: David | H91: mumbai | J91: South | K91: =IF(TRIM(sales_dataset[[#This Row],[Region]])="", J93, PROPER(TRIM(sales_dataset[[#This Row],[Region]]))) -> South | N91: Kevin | Q91: Electronics | R91: =IF(TRIM(sales_dataset[[#This Row],[ProductCategory]])="", R109, PROPER(TRIM(sales_dataset[[#This Row],[ProductCategory]]))) -> Electronics | T91: Shirt | V91: -1 | W91: =IF(TRIM(sales_dataset[[#This Row],[Quantity]])="",V97,PROPER(TRIM(sales_dataset[[#This Row],[Quantity]]))) -> -1 | Y91: 2000 | Z91: =IF(TRIM(sales_dataset[[#This Row],[UnitPrice]])="",Y93,PROPER(TRIM(sales_dataset[[#This Row],[UnitPrice]]))) -> 2000 | AB91: -2000 | AC91: =IF(TRIM(sales_dataset[[#This Row],[TotalRevenue]])="",AB93,PROPER(TRIM(sales_dataset[[#This Row],[TotalRevenue]]))) -> -2000 | AD91: =ABS(sales_dataset[[#This Row],[Column5]]) -> 2000 | AE91: =sales_dataset[[#This Row],[Column17]]*sales_dataset[[#This Row],[Column16]] -> 0
C92: Online | F92: John | J92: West | K92: =IF(TRIM(sales_dataset[[#This Row],[Region]])="", J94, PROPER(TRIM(sales_dataset[[#This Row],[Region]]))) -> West | Q92: Home | R92: =IF(TRIM(sales_dataset[[#This Row],[ProductCategory]])="", R110, PROPER(TRIM(sales_dataset[[#This Row],[ProductCategory]]))) -> Home | T92: Sofa | V92: 1 | W92: =IF(TRIM(sales_dataset[[#This Row],[Quantity]])="",V98,PROPER(TRIM(sales_dataset[[#This Row],[Quantity]]))) -> 1 | Y92: 1500 | Z92: =IF(TRIM(sales_dataset[[#This Row],[UnitPrice]])="",Y94,PROPER(TRIM(sales_dataset[[#This Row],[UnitPrice]]))) -> 1500 | AB92: 750 | AC92: =IF(TRIM(sales_dataset[[#This Row],[TotalRevenue]])="",AB94,PROPER(TRIM(sales_dataset[[#This Row],[TotalRevenue]]))) -> 750 | AD92: =ABS(sales_dataset[[#This Row],[Column5]]) -> 750 | AE92: =sales_dataset[[#This Row],[Column17]]*sales_dataset[[#This Row],[Column16]] -> 0
C93: Offline | F93: Sara | H93: Hyderabad | J93: North | K93: =IF(TRIM(sales_dataset[[#This Row],[Region]])="", J95, PROPER(TRIM(sales_dataset[[#This Row],[Region]]))) -> North | N93: Anita | Q93: Clothing | R93: =IF(TRIM(sales_dataset[[#This Row],[ProductCategory]])="", R111, PROPER(TRIM(sales_dataset[[#This Row],[ProductCategory]]))) -> Clothing | T93: Sofa | V93: 3 | W93: =IF(TRIM(sales_dataset[[#This Row],[Quantity]])="",V99,PROPER(TRIM(sales_dataset[[#This Row],[Quantity]]))) -> 3 | Z93: =IF(TRIM(sales_dataset[[#This Row],[UnitPrice]])="",Y95,PROPER(TRIM(sales_dataset[[#This Row],[UnitPrice]]))) -> 2000 | AC93: =IF(TRIM(sales_dataset[[#This Row],[TotalRevenue]])="",AB95,PROPER(TRIM(sales_dataset[[#This Row],[TotalRevenue]]))) -> 8000 | AD93: =ABS(sales_dataset[[#This Row],[Column5]]) -> 8000 | AE93: =sales_dataset[[#This Row],[Column17]]*sales_dataset[[#This Row],[Column16]] -> 0
C94: Store | F94: John | H94: mumbai | J94: South | K94: =IF(TRIM(sales_dataset[[#This Row],[Region]])="", J96, PROPER(TRIM(sales_dataset[[#This Row],[Region]]))) -> South | N94: Anita | Q94: Electronics | R94: =IF(TRIM(sales_dataset[[#This Row],[ProductCategory]])="", R112, PROPER(TRIM(sales_dataset[[#This Row],[ProductCategory]]))) -> Electronics | T94: Shirt | V94: 3 | W94: =IF(TRIM(sales_dataset[[#This Row],[Quantity]])="",V100,PROPER(TRIM(sales_dataset[[#This Row],[Quantity]]))) -> 3 | Y94: 500 | Z94: =IF(TRIM(sales_dataset[[#This Row],[UnitPrice]])="",Y96,PROPER(TRIM(sales_dataset[[#This Row],[UnitPrice]]))) -> 500 | AB94: 1500 | AC94: =IF(TRIM(sales_dataset[[#This Row],[TotalRevenue]])="",AB96,PROPER(TRIM(sales_dataset[[#This Row],[TotalRevenue]]))) -> 1500 | AD94: =ABS(sales_dataset[[#This Row],[Column5]]) -> 1500 | AE94: =sales_dataset[[#This Row],[Column17]]*sales_dataset[[#This Row],[Column16]] -> 0
C95: store | F95: David | J95: West | K95: =IF(TRIM(sales_dataset[[#This Row],[Region]])="", J97, PROPER(TRIM(sales_dataset[[#This Row],[Region]]))) -> West | N95: Megha | Q95: Electronics | R95: =IF(TRIM(sales_dataset[[#This Row],[ProductCategory]])="", R113, PROPER(TRIM(sales_dataset[[#This Row],[ProductCategory]]))) -> Electronics | T95: Laptop | V95: 4 | W95: =IF(TRIM(sales_dataset[[#This Row],[Quantity]])="",V101,PROPER(TRIM(sales_dataset[[#This Row],[Quantity]]))) -> 4 | Y95: 2000 | Z95: =IF(TRIM(sales_dataset[[#This Row],[UnitPrice]])="",Y97,PROPER(TRIM(sales_dataset[[#This Row],[UnitPrice]]))) -> 2000 | AB95: 8000 | AC95: =IF(TRIM(sales_dataset[[#This Row],[TotalRevenue]])="",AB97,PROPER(TRIM(sales_dataset[[#This Row],[TotalRevenue]]))) -> 8000 | AD95: =ABS(sales_dataset[[#This Row],[Column5]]) -> 8000 | AE95: =sales_dataset[[#This Row],[Column17]]*sales_dataset[[#This Row],[Column16]] -> 0
C96: ONLINE | F96: David | H96: Delhi | J96: East | K96: =IF(TRIM(sales_dataset[[#This Row],[Region]])="", J98, PROPER(TRIM(sales_dataset[[#This Row],[Region]]))) -> East | N96: Kevin | Q96: Clothing | R96: =IF(TRIM(sales_dataset[[#This Row],[ProductCategory]])="", R114, PROPER(TRIM(sales_dataset[[#This Row],[ProductCategory]]))) -> Clothing | W96: =IF(TRIM(sales_dataset[[#This Row],[Quantity]])="",V102,PROPER(TRIM(sales_dataset[[#This Row],[Quantity]]))) -> 0 | Y96: 2500 | Z96: =IF(TRIM(sales_dataset[[#This Row],[UnitPrice]])="",Y98,PROPER(TRIM(sales_dataset[[#This Row],[UnitPrice]]))) -> 2500 | AC96: =IF(TRIM(sales_dataset[[#This Row],[TotalRevenue]])="",AB98,PROPER(TRIM(sales_dataset[[#This Row],[TotalRevenue]]))) -> 0 | AD96: =ABS(sales_dataset[[#This Row],[Column5]]) -> 0 | AE96: =sales_dataset[[#This Row],[Column17]]*sales_dataset[[#This Row],[Column16]] -> 0
F97: priya | H97: Chennai | J97: North | K97: =IF(TRIM(sales_dataset[[#This Row],[Region]])="", J99, PROPER(TRIM(sales_dataset[[#This Row],[Region]]))) -> North | N97: Anita | Q97: Electronics | R97: =IF(TRIM(sales_dataset[[#This Row],[ProductCategory]])="", R115, PROPER(TRIM(sales_dataset[[#This Row],[ProductCategory]]))) -> Electronics | T97: Shirt | V97: 5 | W97: =IF(TRIM(sales_dataset[[#This Row],[Quantity]])="",V103,PROPER(TRIM(sales_dataset[[#This Row],[Quantity]]))) -> 5 | Y97: 500 | Z97: =IF(TRIM(sales_dataset[[#This Row],[UnitPrice]])="",Y99,PROPER(TRIM(sales_dataset[[#This Row],[UnitPrice]]))) -> 500 | AB97: 2500 | AC97: =IF(TRIM(sales_dataset[[#This Row],[TotalRevenue]])="",AB99,PROPER(TRIM(sales_dataset[[#This Row],[TotalRevenue]]))) -> 2500 | AD97: =ABS(sales_dataset[[#This Row],[Column5]]) -> 2500 | AE97: =sales_dataset[[#This Row],[Column17]]*sales_dataset[[#This Row],[Column16]] -> 0
C98: Online | F98: John | H98: Chennai | J98: West | K98: =IF(TRIM(sales_dataset[[#This Row],[Region]])="", J100, PROPER(TRIM(sales_dataset[[#This Row],[Region]]))) -> West | N98: Megha | Q98: Clothing | R98: =IF(TRIM(sales_dataset[[#This Row],[ProductCategory]])="", R116, PROPER(TRIM(sales_dataset[[#This Row],[ProductCategory]]))) -> Clothing | T98: Watch | V98: 5 | W98: =IF(TRIM(sales_dataset[[#This Row],[Quantity]])="",V104,PROPER(TRIM(sales_dataset[[#This Row],[Quantity]]))) -> 5 | Z98: =IF(TRIM(sales_dataset[[#This Row],[UnitPrice]])="",Y100,PROPER(TRIM(sales_dataset[[#This Row],[UnitPrice]]))) -> -100 | AC98: =IF(TRIM(sales_dataset[[#This Row],[TotalRevenue]])="",AB100,PROPER(TRIM(sales_dataset[[#This Row],[TotalRevenue]]))) -> -300 | AD98: =ABS(sales_dataset[[#This Row],[Column5]]) -> 300 | AE98: =sales_dataset[[#This Row],[Column17]]*sales_dataset[[#This Row],[Column16]] -> 0
C99: Offline | H99: Delhi | J99: North | K99: =IF(TRIM(sales_dataset[[#This Row],[Region]])="", J101, PROPER(TRIM(sales_dataset[[#This Row],[Region]]))) -> North | N99: Sam | Q99: electronics | R99: =IF(TRIM(sales_dataset[[#This Row],[ProductCategory]])="", R117, PROPER(TRIM(sales_dataset[[#This Row],[ProductCategory]]))) -> Electronics | T99: TV | V99: 5 | W99: =IF(TRIM(sales_dataset[[#This Row],[Quantity]])="",V105,PROPER(TRIM(sales_dataset[[#This Row],[Quantity]]))) -> 5 | Y99: -100 | Z99: =IF(TRIM(sales_dataset[[#This Row],[UnitPrice]])="",Y101,PROPER(TRIM(sales_dataset[[#This Row],[UnitPrice]]))) -> -100 | AB99: -500 | AC99: =IF(TRIM(sales_dataset[[#This Row],[TotalRevenue]])="",AB101,PROPER(TRIM(sales_dataset[[#This Row],[TotalRevenue]]))) -> -500 | AD99: =ABS(sales_dataset[[#This Row],[Column5]]) -> 500 | AE99: =sales_dataset[[#This Row],[Column17]]*sales_dataset[[#This Row],[Column16]] -> 0
C100: Store | F100: Amit | H100: Chennai | J100: West | K100: =IF(TRIM(sales_dataset[[#This Row],[Region]])="", J102, PROPER(TRIM(sales_dataset[[#This Row],[Region]]))) -> West | N100: Anita | Q100: Home | R100: =IF(TRIM(sales_dataset[[#This Row],[ProductCategory]])="", R118, PROPER(TRIM(sales_dataset[[#This Row],[ProductCategory]]))) -> Home | T100: Laptop | V100: 3 | W100: =IF(TRIM(sales_dataset[[#This Row],[Quantity]])="",V106,PROPER(TRIM(sales_dataset[[#This Row],[Quantity]]))) -> 3 | Y100: -100 | Z100: =IF(TRIM(sales_dataset[[#This Row],[UnitPrice]])="",Y102,PROPER(TRIM(sales_dataset[[#This Row],[UnitPrice]]))) -> -100 | AB100: -300 | AC100: =IF(TRIM(sales_dataset[[#This Row],[TotalRevenue]])="",AB102,PROPER(TRIM(sales_dataset[[#This Row],[TotalRevenue]]))) -> -300 | AD100: =ABS(sales_dataset[[#This Row],[Column5]]) -> 300 | AE100: =sales_dataset[[#This Row],[Column17]]*sales_dataset[[#This Row],[Column16]] -> 0
...
